sample-id,region,site,transect,tree_number,horizon,Sample description,project,date,DNA.Plate,DNA.Well,PCR.Plate,PCR.Well,Index.ID,Barcode,Sample_or_Control
s20230217001,Chesapeake Bay,MSM,upland,403,O,COMPASS_May22_131,COMPASS,_May22,1,A1,1,A1,515rcbc0,AGCCTTCGTCGC,True Sample
s20230217002,Chesapeake Bay,MSM,upland,404,O,COMPASS_May22_132,COMPASS,_May22,1,A2,1,A2,515rcbc1,TCCATACCGGAA,True Sample
s20230217003,Chesapeake Bay,MSM,upland,405,O,COMPASS_May22_133,COMPASS,_May22,1,A3,1,A3,515rcbc2,AGCCCTGCTACA,True Sample
s20230217004,Chesapeake Bay,MSM,upland,406,O,COMPASS_May22_134,COMPASS,_May22,1,A4,1,A4,515rcbc3,CCTAACGGTCCA,True Sample
s20230217005,Chesapeake Bay,MSM,upland,407,O,COMPASS_May22_135,COMPASS,_May22,1,A5,1,A5,515rcbc4,CGCGCCTTAAAC,True Sample
s20230217006,Chesapeake Bay,MSM,upland,408,O,COMPASS_May22_136,COMPASS,_May22,1,A6,1,A6,515rcbc5,TATGGTACCCAG,True Sample
s20230217007,Chesapeake Bay,MSM,transition,410,O,COMPASS_May22_138,COMPASS,_May22,1,A7,1,A7,515rcbc6,TACAATATCTGT,True Sample
s20230217008,Chesapeake Bay,MSM,transition,411,O,COMPASS_May22_139,COMPASS,_May22,1,A8,1,A8,515rcbc7,AATTTAGGTAGG,True Sample
s20230217009,Chesapeake Bay,MSM,transition,412,O,COMPASS_May22_140,COMPASS,_May22,1,A9,1,A9,515rcbc8,GACTCAACCAGT,True Sample
s20230217010,Chesapeake Bay,MSM,transition,413,O,COMPASS_May22_141,COMPASS,_May22,1,A10,1,A10,515rcbc9,GCCTCTACGTCG,True Sample
s20230217011,Chesapeake Bay,MSM,transition,414,O,COMPASS_May22_142,COMPASS,_May22,1,A11,1,A11,515rcbc10,ACTACTGAGGAT,True Sample
s20230217012,Chesapeake Bay,MSM,transition,415,O,COMPASS_May22_143,COMPASS,_May22,1,A12,1,A12,515rcbc11,AATTCACCTCCT,True Sample
s20230217013,Chesapeake Bay,MSM,transition,416,O,COMPASS_May22_144,COMPASS,_May22,1,B1,1,B1,515rcbc12,CGTATAAATGCG,True Sample
s20230217014,Chesapeake Bay,MSM,wetland-center,W1,O,COMPASS_May22_145,COMPASS,_May22,1,B2,1,B2,515rcbc13,ATGCTGCAACAC,True Sample
s20230217015,Chesapeake Bay,MSM,wetland-center,W2,O,COMPASS_May22_146,COMPASS,_May22,1,B3,1,B3,515rcbc14,ACTCGCTCGCTG,True Sample
s20230217016,Chesapeake Bay,MSM,wetland-center,W3,O,COMPASS_May22_147,COMPASS,_May22,1,B4,1,B4,515rcbc15,TTCCTTAGTAGT,True Sample
s20230217017,Chesapeake Bay,MSM,wetland-center,W4,O,COMPASS_May22_148,COMPASS,_May22,1,B5,1,B5,515rcbc16,CGTCCGTATGAA,True Sample
s20230217018,Chesapeake Bay,MSM,wetland-center,W5,O,COMPASS_May22_149,COMPASS,_May22,1,B6,1,B6,515rcbc17,ACGTGAGGAACG,True Sample
s20230217019,Chesapeake Bay,MSM,wetland-center,W6,O,COMPASS_May22_150,COMPASS,_May22,1,B7,1,B7,515rcbc18,GGTTGCCCTGTA,True Sample
s20230217020,Chesapeake Bay,MSM,wetland-center,W7,O,COMPASS_May22_151,COMPASS,_May22,1,B8,1,B8,515rcbc19,CATATAGCCCGA,True Sample
s20230217021,Chesapeake Bay,MSM,wetland-center,W8,O,COMPASS_May22_152,COMPASS,_May22,1,B9,1,B9,515rcbc20,GCCTATGAGATC,True Sample
s20230217022,Chesapeake Bay,MSM,wetland-center,W9,O,COMPASS_May22_153,COMPASS,_May22,1,B10,1,B10,515rcbc21,CAAGTGAAGGGA,True Sample
s20230217023,Chesapeake Bay,MSM,upland,401,B,COMPASS_May22_156,COMPASS,_May22,1,B11,1,B11,515rcbc22,CACGTTTATTCC,True Sample
s20230217024,Chesapeake Bay,MSM,upland,402,B,COMPASS_May22_157,COMPASS,_May22,1,B12,1,B12,515rcbc23,TAATCGGTGCCA,True Sample
s20230217025,Chesapeake Bay,MSM,upland,403,B,COMPASS_May22_158,COMPASS,_May22,1,C1,1,C1,515rcbc24,TGACTAATGGCC,True Sample
s20230217026,Chesapeake Bay,MSM,upland,404,B,COMPASS_May22_159,COMPASS,_May22,1,C2,1,C2,515rcbc25,CGGGACACCCGA,True Sample
s20230217027,Chesapeake Bay,MSM,upland,405,B,COMPASS_May22_160,COMPASS,_May22,1,C3,1,C3,515rcbc26,CTGTCTATACTA,True Sample
s20230217028,Chesapeake Bay,MSM,upland,406,B,COMPASS_May22_161,COMPASS,_May22,1,C4,1,C4,515rcbc27,TATGCCAGAGAT,True Sample
s20230217029,Chesapeake Bay,MSM,upland,407,B,COMPASS_May22_162,COMPASS,_May22,1,C5,1,C5,515rcbc28,CGTTTGGAATGA,True Sample
s20230217030,Chesapeake Bay,MSM,upland,408,B,COMPASS_May22_163,COMPASS,_May22,1,C6,1,C6,515rcbc29,AAGAACTCATGA,True Sample
s20230217031,Chesapeake Bay,MSM,transition,409,B,COMPASS_May22_164,COMPASS,_May22,1,C7,1,C7,515rcbc30,TGATATCGTCTT,True Sample
s20230217032,Chesapeake Bay,MSM,transition,410,B,COMPASS_May22_165,COMPASS,_May22,1,C8,1,C8,515rcbc31,CGGTGACCTACT,True Sample
s20230217033,Chesapeake Bay,MSM,transition,411,B,COMPASS_May22_166,COMPASS,_May22,1,C9,1,C9,515rcbc32,AATGCGCGTATA,True Sample
s20230217034,Chesapeake Bay,MSM,transition,413,B,COMPASS_May22_168,COMPASS,_May22,1,C10,1,C10,515rcbc33,CTTGATTCTTGA,True Sample
s20230217035,Chesapeake Bay,MSM,transition,414,B,COMPASS_May22_169,COMPASS,_May22,1,C11,1,C11,515rcbc34,GAAATCTTGAAG,True Sample
s20230217036,Chesapeake Bay,MSM,transition,415,B,COMPASS_May22_170,COMPASS,_May22,1,C12,1,C12,515rcbc35,GAGATACAGTTC,True Sample
s20230217037,Chesapeake Bay,MSM,transition,416,B,COMPASS_May22_171,COMPASS,_May22,1,D1,1,D1,515rcbc36,GTGGAGTCTCAT,True Sample
s20230217038,Chesapeake Bay,GWI,upland,622,O,COMPASS_May22_172,COMPASS,_May22,1,D2,1,D2,515rcbc37,ACCTTACACCTT,True Sample
s20230217039,Chesapeake Bay,GWI,upland,633,O,COMPASS_May22_173,COMPASS,_May22,1,D3,1,D3,515rcbc38,TAATCTCGCCGG,True Sample
s20230217040,Chesapeake Bay,GWI,upland,642,O,COMPASS_May22_174,COMPASS,_May22,1,D4,1,D4,515rcbc39,ATCTAGTGGCAA,True Sample
s20230217041,Chesapeake Bay,GWI,upland,647,O,COMPASS_May22_175,COMPASS,_May22,1,D5,1,D5,515rcbc40,ACGCTTAACGAC,True Sample
s20230217042,Chesapeake Bay,GWI,upland,650,O,COMPASS_May22_176,COMPASS,_May22,1,D6,1,D6,515rcbc41,TACGGATTATGG,True Sample
s20230217043,Chesapeake Bay,GWI,upland,678,O,COMPASS_May22_177,COMPASS,_May22,1,D7,1,D7,515rcbc42,ATACATGCAAGA,True Sample
s20230217044,Chesapeake Bay,GWI,upland,682,O,COMPASS_May22_178,COMPASS,_May22,1,D8,1,D8,515rcbc43,CTTAGTGCAGAA,True Sample
s20230217045,Chesapeake Bay,GWI,upland,683,O,COMPASS_May22_179,COMPASS,_May22,1,D9,1,D9,515rcbc44,AATCTTGCGCCG,True Sample
s20230217046,Chesapeake Bay,GWI,transition,162,O,COMPASS_May22_180,COMPASS,_May22,1,D10,1,D10,515rcbc45,AGGATCAGGGAA,True Sample
s20230217047,Chesapeake Bay,GWI,transition,163,O,COMPASS_May22_181,COMPASS,_May22,1,D11,1,D11,515rcbc46,AATAACTAGGGT,True Sample
s20230217048,Chesapeake Bay,GWI,transition,164,O,COMPASS_May22_182,COMPASS,_May22,1,D12,1,D12,515rcbc47,TATTGCAGCAGC,True Sample
s20230217049,Chesapeake Bay,GWI,transition,766,O,COMPASS_May22_183,COMPASS,_May22,1,E1,1,E1,515rcbc48,TGATGTGCTAAG,True Sample
s20230217050,Chesapeake Bay,GWI,transition,777,O,COMPASS_May22_184,COMPASS,_May22,1,E2,1,E2,515rcbc49,GTAGTAGACCAT,True Sample
s20230217051,Chesapeake Bay,GWI,transition,782,O,COMPASS_May22_185,COMPASS,_May22,1,E3,1,E3,515rcbc50,AGTAAAGATCGT,True Sample
s20230217052,Chesapeake Bay,GWI,transition,786,O,COMPASS_May22_186,COMPASS,_May22,1,E4,1,E4,515rcbc51,CTCGCCCTCGCC,True Sample
s20230217053,Chesapeake Bay,GWI,transition,789,O,COMPASS_May22_187,COMPASS,_May22,1,E5,1,E5,515rcbc52,TCTCTTTCGACA,True Sample
s20230217054,Chesapeake Bay,GWI,wetland-center,W1,O,COMPASS_May22_188,COMPASS,_May22,1,E6,1,E6,515rcbc53,ACATACTGAGCA,True Sample
s20230217055,Chesapeake Bay,GWI,wetland-center,W2,O,COMPASS_May22_189,COMPASS,_May22,1,E7,1,E7,515rcbc54,GTTGATACGATG,True Sample
s20230217056,Chesapeake Bay,GWI,wetland-center,W3,O,COMPASS_May22_190,COMPASS,_May22,1,E8,1,E8,515rcbc55,GTCAACGCTGTC,True Sample
s20230217057,Chesapeake Bay,GWI,wetland-center,W4,O,COMPASS_May22_191,COMPASS,_May22,1,E9,1,E9,515rcbc56,TGAGACCCTACA,True Sample
s20230217058,Chesapeake Bay,GWI,wetland-center,W5,O,COMPASS_May22_192,COMPASS,_May22,1,E10,1,E10,515rcbc57,ACTTGGTGTAAG,True Sample
s20230217059,Chesapeake Bay,GWI,wetland-center,W6,O,COMPASS_May22_193,COMPASS,_May22,1,E11,1,E11,515rcbc58,ATTACGTATCAT,True Sample
s20230217060,Chesapeake Bay,GWI,wetland-center,W7,O,COMPASS_May22_194,COMPASS,_May22,1,E12,1,E12,515rcbc59,CACGCAGTCTAC,True Sample
s20230217061,Chesapeake Bay,GWI,wetland-center,W8,O,COMPASS_May22_195,COMPASS,_May22,1,F1,1,F1,515rcbc60,TGTGCACGCCAT,True Sample
s20230217062,Chesapeake Bay,GWI,upland,622,A,COMPASS_May22_196,COMPASS,_May22,1,F2,1,F2,515rcbc61,CCGGACAAGAAG,True Sample
s20230217063,Chesapeake Bay,GWI,upland,633,A,COMPASS_May22_197,COMPASS,_May22,1,F3,1,F3,515rcbc62,TTGCTGGACGCT,True Sample
s20230217064,Chesapeake Bay,GWI,upland,642,A,COMPASS_May22_198,COMPASS,_May22,1,F4,1,F4,515rcbc63,TACTAACGCGGT,True Sample
s20230217065,Chesapeake Bay,GWI,upland,647,A,COMPASS_May22_199,COMPASS,_May22,1,F5,1,F5,515rcbc64,GCGATCACACCT,True Sample
s20230217066,Chesapeake Bay,GWI,upland,650,A,COMPASS_May22_200,COMPASS,_May22,1,F6,1,F6,515rcbc65,CAAACGCACTAA,True Sample
s20230217067,Chesapeake Bay,GWI,upland,678,A,COMPASS_May22_201,COMPASS,_May22,1,F7,1,F7,515rcbc66,GAAGAGGGTTGA,True Sample
s20230217068,Chesapeake Bay,GWI,upland,682,A,COMPASS_May22_202,COMPASS,_May22,1,F8,1,F8,515rcbc67,TGAGTGGTCTGT,True Sample
s20230217069,Chesapeake Bay,GWI,upland,683,A,COMPASS_May22_203,COMPASS,_May22,1,F9,1,F9,515rcbc68,TTACACAAAGGC,True Sample
s20230217070,Chesapeake Bay,GWI,transition,162,A,COMPASS_May22_204,COMPASS,_May22,1,F10,1,F10,515rcbc69,ACGACGCATTTG,True Sample
s20230217071,Chesapeake Bay,GWI,transition,164,A,COMPASS_May22_206,COMPASS,_May22,1,F11,1,F11,515rcbc70,TATCCAAGCGCA,True Sample
s20230217072,Chesapeake Bay,GWI,transition,766,A,COMPASS_May22_207,COMPASS,_May22,1,F12,1,F12,515rcbc71,AGAGCCAAGAGC,True Sample
s20230217073,Chesapeake Bay,GWI,transition,777,A,COMPASS_May22_208,COMPASS,_May22,1,G1,1,G1,515rcbc72,GGTGAGCAAGCA,True Sample
s20230217074,Chesapeake Bay,GWI,transition,782,A,COMPASS_May22_209,COMPASS,_May22,1,G2,1,G2,515rcbc73,TAAATATACCCT,True Sample
s20230217075,Chesapeake Bay,GWI,transition,786,A,COMPASS_May22_210,COMPASS,_May22,1,G3,1,G3,515rcbc74,TTGCGGACCCTA,True Sample
s20230217076,Chesapeake Bay,GWI,transition,789,A,COMPASS_May22_211,COMPASS,_May22,1,G4,1,G4,515rcbc75,GTCGTCCAAATG,True Sample
s20230217077,Chesapeake Bay,GWI,upland,622,B,COMPASS_May22_212,COMPASS,_May22,1,G5,1,G5,515rcbc76,TGCACAGTCGCT,True Sample
s20230217078,Chesapeake Bay,GWI,upland,682,B,COMPASS_May22_214,COMPASS,_May22,1,G6,1,G6,515rcbc77,TTACTGTGGCCG,True Sample
s20230217079,Chesapeake Bay,GCREW,upland,C12,A,COMPASS_Aug22_215,COMPASS,_Aug22,1,G7,1,G7,515rcbc78,GGTTCATGAACA,True Sample
s20230217080,Chesapeake Bay,GCREW,upland,C11,A,COMPASS_Aug22_216,COMPASS,_Aug22,1,G8,1,G8,515rcbc79,TAACAATAATTC,True Sample
s20230217081,Chesapeake Bay,GCREW,upland,C10,A,COMPASS_Aug22_217,COMPASS,_Aug22,1,G9,1,G9,515rcbc80,CTTATTAAACGT,True Sample
s20230217082,Chesapeake Bay,GCREW,upland,C07,A,COMPASS_Aug22_218,COMPASS,_Aug22,1,G10,1,G10,515rcbc81,GCTCGAAGATTC,True Sample
s20230217083,Chesapeake Bay,GCREW,upland,C19,A,COMPASS_Aug22_219,COMPASS,_Aug22,1,G11,1,G11,515rcbc82,TATTTGATTGGT,True Sample
s20230217084,Chesapeake Bay,GCREW,upland,C09,A,COMPASS_Aug22_220,COMPASS,_Aug22,1,G12,1,G12,515rcbc83,TGTCAAAGTGAC,True Sample
s20230217085,Chesapeake Bay,GCREW,upland,1383,A,COMPASS_Aug22_221,COMPASS,_Aug22,1,H1,1,H1,515rcbc84,CTATGTATTAGT,True Sample
s20230217086,Chesapeake Bay,GCREW,upland,1379,A,COMPASS_Aug22_222,COMPASS,_Aug22,1,H2,1,H2,515rcbc85,ACTCCCGTGTGA,True Sample
s20230217087,Chesapeake Bay,GCREW,transition,L1,A,COMPASS_Aug22_223,COMPASS,_Aug22,1,H3,1,H3,515rcbc86,CGGTATAGCAAT,True Sample
s20230217088,Chesapeake Bay,GCREW,transition,L2,A,COMPASS_Aug22_224,COMPASS,_Aug22,1,H4,1,H4,515rcbc87,GACTCTGCTCAG,True Sample
s20230217089,Chesapeake Bay,GCREW,transition,L3,A,COMPASS_Aug22_225,COMPASS,_Aug22,1,H5,1,H5,515rcbc88,GTCATGCTCCAG,True Sample
s20230217090,Chesapeake Bay,GCREW,transition,L4,A,COMPASS_Aug22_226,COMPASS,_Aug22,1,H6,1,H6,515rcbc89,TACCGAAGGTAT,True Sample
s20230217091,Chesapeake Bay,GCREW,transition,L5,A,COMPASS_Aug22_227,COMPASS,_Aug22,1,H7,1,H7,515rcbc90,TGAGTATGAGTA,True Sample
s20230217092,Chesapeake Bay,GCREW,transition,L6,A,COMPASS_Aug22_228,COMPASS,_Aug22,1,H8,1,H8,515rcbc91,AATGGTTCAGCA,True Sample
s20230217093,Chesapeake Bay,GCREW,transition,711,A,COMPASS_Aug22_229,COMPASS,_Aug22,1,H9,1,H9,515rcbc92,GAACCAGTACTC,True Sample
s20230217094,Chesapeake Bay,GCREW,transition,713,A,COMPASS_Aug22_230,COMPASS,_Aug22,1,H10,1,H10,515rcbc93,CGCACCCATACA,True Sample
s20230217095,Chesapeake Bay,GCREW,wetland,W1,A,COMPASS_Aug22_231,COMPASS,_Aug22,1,H11,1,H11,515rcbc94,GTGCCATAATCG,True Sample
s20230217097,Chesapeake Bay,GCREW,wetland,W2,A,COMPASS_Aug22_232,COMPASS,_Aug22,1,H12,2,A1,515rcbc96,CTACAGGGTCTC,True Sample
s20230217098,Chesapeake Bay,GCREW,wetland,W3,A,COMPASS_Aug22_233,COMPASS,_Aug22,2,A1,2,A2,515rcbc97,CTTGGAGGCTTA,True Sample
s20230217099,Chesapeake Bay,GCREW,wetland,W4,A,COMPASS_Aug22_234,COMPASS,_Aug22,2,A2,2,A3,515rcbc98,TATCATATTACG,True Sample
s20230217100,Chesapeake Bay,GCREW,wetland,W5,A,COMPASS_Aug22_235,COMPASS,_Aug22,2,A3,2,A4,515rcbc99,CTATATTATCCG,True Sample
s20230217101,Chesapeake Bay,GCREW,wetland,W6,A,COMPASS_Aug22_236,COMPASS,_Aug22,2,A4,2,A5,515rcbc100,ACCGAACAATCC,True Sample
s20230217102,Chesapeake Bay,GCREW,wetland,W7,A,COMPASS_Aug22_237,COMPASS,_Aug22,2,A5,2,A6,515rcbc101,ACGGTACCCTAC,True Sample
s20230217103,Chesapeake Bay,GCREW,wetland,W8,A,COMPASS_Aug22_238,COMPASS,_Aug22,2,A6,2,A7,515rcbc102,TGAGTCATTGAG,True Sample
s20230217104,Chesapeake Bay,GCREW,upland,C12,B,COMPASS_Aug22_239,COMPASS,_Aug22,2,A7,2,A8,515rcbc103,ACCTACTTGTCT,True Sample
s20230217105,Chesapeake Bay,GCREW,upland,C11,B,COMPASS_Aug22_240,COMPASS,_Aug22,2,A8,2,A9,515rcbc104,ACTGTGACGTCC,True Sample
s20230217106,Chesapeake Bay,GCREW,upland,C10,B,COMPASS_Aug22_241,COMPASS,_Aug22,2,A9,2,A10,515rcbc105,CTCTGAGGTAAC,True Sample
s20230217107,Chesapeake Bay,GCREW,upland,C07,B,COMPASS_Aug22_242,COMPASS,_Aug22,2,A10,2,A11,515rcbc106,CATGTCTTCCAT,True Sample
s20230217108,Chesapeake Bay,GCREW,upland,C19,B,COMPASS_Aug22_243,COMPASS,_Aug22,2,A11,2,A12,515rcbc107,AACAGTAAACAA,True Sample
s20230217109,Chesapeake Bay,GCREW,upland,C09,B,COMPASS_Aug22_244,COMPASS,_Aug22,2,A12,2,B1,515rcbc108,GTTCATTAAACT,True Sample
s20230217110,Chesapeake Bay,GCREW,upland,1383,B,COMPASS_Aug22_245,COMPASS,_Aug22,2,B1,2,B2,515rcbc109,GTGCCGGCCGAC,True Sample
s20230217111,Chesapeake Bay,GCREW,upland,1379,B,COMPASS_Aug22_246,COMPASS,_Aug22,2,B2,2,B3,515rcbc110,CCTTGACCGATG,True Sample
s20230217112,Chesapeake Bay,GCREW,transition,L1,B,COMPASS_Aug22_247,COMPASS,_Aug22,2,B3,2,B4,515rcbc111,CAAACTGCGTTG,True Sample
s20230217113,Chesapeake Bay,GCREW,transition,L2,B,COMPASS_Aug22_248,COMPASS,_Aug22,2,B4,2,B5,515rcbc112,TCGAGAGTTTGC,True Sample
s20230217114,Chesapeake Bay,GCREW,transition,L3,B,COMPASS_Aug22_249,COMPASS,_Aug22,2,B5,2,B6,515rcbc113,CGACACGGAGAA,True Sample
s20230217115,Chesapeake Bay,GCREW,transition,L4,B,COMPASS_Aug22_250,COMPASS,_Aug22,2,B6,2,B7,515rcbc114,TCCACAGGGTTC,True Sample
s20230217116,Chesapeake Bay,GCREW,transition,L5,B,COMPASS_Aug22_251,COMPASS,_Aug22,2,B7,2,B8,515rcbc115,GGAGAACGACAC,True Sample
s20230217117,Chesapeake Bay,GCREW,transition,L6,B,COMPASS_Aug22_252,COMPASS,_Aug22,2,B8,2,B9,515rcbc116,CCTACCATTGTT,True Sample
s20230217118,Chesapeake Bay,GCREW,transition,711,B,COMPASS_Aug22_253,COMPASS,_Aug22,2,B9,2,B10,515rcbc117,TCCGGCGGGCAA,True Sample
s20230217119,Chesapeake Bay,GCREW,transition,713,B,COMPASS_Aug22_254,COMPASS,_Aug22,2,B10,2,B11,515rcbc118,TAATCCATAATC,True Sample
s20230217096,Chesapeake Bay,NA,NA,NA,NA,PCR Negative 1,NA,NA,NA,NA,1,H12,515rcbc95,ACTCTTACTTAG,Control Sample
s20230901001,Lake Erie ,PR,upland,1,A,COMPASS_Dec2021_001,COMPASS,_Dec2021,,,,A1,515rcbc192,CCTCGCATGACC,True Sample
s20230901002,Lake Erie ,PR,upland,2,A,COMPASS_Dec2021_002,COMPASS,_Dec2021,,,,A2,515rcbc193,GGCGTAACGGCA,True Sample
s20230901003,Lake Erie ,PR,upland,3,A,COMPASS_Dec2021_003,COMPASS,_Dec2021,,,,A3,515rcbc194,GCGAGGAAGTCC,True Sample
s20230901004,Lake Erie ,PR,upland,4,A,COMPASS_Dec2021_004,COMPASS,_Dec2021,,,,A4,515rcbc195,CAAATTCGGGAT,True Sample
s20230901005,Lake Erie ,PR,upland,5,A,COMPASS_Dec2021_005,COMPASS,_Dec2021,,,,A5,515rcbc196,TTGTGTCTCCCT,True Sample
s20230901006,Lake Erie ,PR,upland,6,A,COMPASS_Dec2021_006,COMPASS,_Dec2021,,,,A6,515rcbc197,CAATGTAGACAC,True Sample
s20230901007,Lake Erie ,PR,upland,7,A,COMPASS_Dec2021_007,COMPASS,_Dec2021,,,,A7,515rcbc198,AACCACTAACCG,True Sample
s20230901008,Lake Erie ,PR,upland,8,A,COMPASS_Dec2021_008,COMPASS,_Dec2021,,,,A8,515rcbc199,AACTTTCAGGAG,True Sample
s20230901009,Lake Erie ,PR,upland,9,A,COMPASS_Dec2021_009,COMPASS,_Dec2021,,,,A9,515rcbc200,CCAGGACAGGAA,True Sample
s20230901010,Lake Erie ,PR,transition,11,A,COMPASS_Dec2021_010,COMPASS,_Dec2021,,,,A10,515rcbc201,GCGCGGCGTTGC,True Sample
s20230901011,Lake Erie ,PR,transition,12,A,COMPASS_Dec2021_011,COMPASS,_Dec2021,,,,A11,515rcbc202,GTCGCTTGCACA,True Sample
s20230901012,Lake Erie ,PR,transition,13,A,COMPASS_Dec2021_012,COMPASS,_Dec2021,,,,A12,515rcbc203,TCCGCCTAGTCG,True Sample
s20230901013,Lake Erie ,PR,transition,14,A,COMPASS_Dec2021_013,COMPASS,_Dec2021,,,,B1,515rcbc204,CGCGCAAGTATT,True Sample
s20230901014,Lake Erie ,PR,transition,16,A,COMPASS_Dec2021_014,COMPASS,_Dec2021,,,,B2,515rcbc205,AATACAGACCTG,True Sample
s20230901015,Lake Erie ,PR,transition,17,A,COMPASS_Dec2021_015,COMPASS,_Dec2021,,,,B3,515rcbc206,GGACAAGTGCGA,True Sample
s20230901016,Lake Erie ,PR,transition,19,A,COMPASS_Dec2021_016,COMPASS,_Dec2021,,,,B4,515rcbc207,TACGGTCTGGAT,True Sample
s20230901017,Lake Erie ,PR,transition,20,A,COMPASS_Dec2021_017,COMPASS,_Dec2021,,,,B5,515rcbc208,TTCAGTTCGTTA,True Sample
s20230901018,Lake Erie ,PR,transition,21,A,COMPASS_Dec2021_018,COMPASS,_Dec2021,,,,B6,515rcbc209,CCGCGTCTCAAC,True Sample
s20230901019,Lake Erie ,PR,wetland-center,L1,A,COMPASS_Dec2021_019,COMPASS,_Dec2021,,,,B7,515rcbc210,CCGAGGTATAAT,True Sample
s20230901020,Lake Erie ,PR,wetland-center,L2,A,COMPASS_Dec2021_020,COMPASS,_Dec2021,,,,B8,515rcbc211,AGATTCGCTCGA,True Sample
s20230901021,Lake Erie ,PR,wetland-center,L3,A,COMPASS_Dec2021_021,COMPASS,_Dec2021,,,,B9,515rcbc212,TTGCCGCTCTGG,True Sample
s20230901022,Lake Erie ,PR,wetland-center,L4,A,COMPASS_Dec2021_022,COMPASS,_Dec2021,,,,B10,515rcbc213,AGACTTCTCAGG,True Sample
s20230901023,Lake Erie ,PR,wetland-center,L5,A,COMPASS_Dec2021_023,COMPASS,_Dec2021,,,,B11,515rcbc214,TCTTGCGGAGTC,True Sample
s20230901024,Lake Erie ,PR,wetland-center,L6,A,COMPASS_Dec2021_024,COMPASS,_Dec2021,,,,B12,515rcbc215,CTATCTCCTGTC,True Sample
s20230901025,Lake Erie ,PR,wetland-center,L7,A,COMPASS_Dec2021_025,COMPASS,_Dec2021,,,,C1,515rcbc216,AAGGCGCTCCTT,True Sample
s20230901026,Lake Erie ,PR,wetland-center,L8,A,COMPASS_Dec2021_026,COMPASS,_Dec2021,,,,C2,515rcbc217,GATCTAATCGAG,True Sample
s20230901027,Lake Erie ,PR,wetland-center,L9,A,COMPASS_Dec2021_027,COMPASS,_Dec2021,,,,C3,515rcbc218,CTGATGTACACG,True Sample
s20230901028,Lake Erie ,PR,wetland-center,C1,A,COMPASS_Dec2021_028,COMPASS,_Dec2021,,,,C4,515rcbc219,ACGTATTCGAAG,True Sample
s20230901029,Lake Erie ,PR,wetland-center,C2,A,COMPASS_Dec2021_029,COMPASS,_Dec2021,,,,C5,515rcbc220,GACGTTAAGAAT,True Sample
s20230901030,Lake Erie ,PR,wetland-center,C3,A,COMPASS_Dec2021_030,COMPASS,_Dec2021,,,,C6,515rcbc221,TGGTGGAGTTTC,True Sample
s20230901031,Lake Erie ,PR,wetland-center,Ph1,A,COMPASS_Dec2021_031,COMPASS,_Dec2021,,,,C7,515rcbc222,TTAACAAGGCAA,True Sample
s20230901032,Lake Erie ,PR,wetland-center,Ph2,A,COMPASS_Dec2021_032,COMPASS,_Dec2021,,,,C8,515rcbc223,AACCGCATAAGT,True Sample
s20230901033,Lake Erie ,PR,wetland-center,Ph3,A,COMPASS_Dec2021_033,COMPASS,_Dec2021,,,,C9,515rcbc224,CCACAACGATCA,True Sample
s20230901034,Lake Erie ,CC,upland,201,A,COMPASS_Dec2021_034,COMPASS,_Dec2021,,,,C10,515rcbc225,AGTTCTCATTAA,True Sample
s20230901035,Lake Erie ,CC,upland,202,A,COMPASS_Dec2021_035,COMPASS,_Dec2021,,,,C11,515rcbc226,GAGCCATCTGTA,True Sample
s20230901036,Lake Erie ,CC,upland,203,A,COMPASS_Dec2021_036,COMPASS,_Dec2021,,,,C12,515rcbc227,GATATACCAGTG,True Sample
s20230901037,Lake Erie ,CC,upland,204,A,COMPASS_Dec2021_037,COMPASS,_Dec2021,,,,D1,515rcbc228,CGCAATGAGGGA,True Sample
s20230901038,Lake Erie ,CC,upland,205,A,COMPASS_Dec2021_038,COMPASS,_Dec2021,,,,D2,515rcbc229,CCGCAGCCGCAG,True Sample
s20230901039,Lake Erie ,CC,upland,206,A,COMPASS_Dec2021_039,COMPASS,_Dec2021,,,,D3,515rcbc230,TGGAGCCTTGTC,True Sample
s20230901040,Lake Erie ,CC,upland,207,A,COMPASS_Dec2021_040,COMPASS,_Dec2021,,,,D4,515rcbc231,TTACTTATCCGA,True Sample
s20230901041,Lake Erie ,CC,upland,208,A,COMPASS_Dec2021_041,COMPASS,_Dec2021,,,,D5,515rcbc232,ATGGGACCTTCA,True Sample
s20230901042,Lake Erie ,CC,upland,209,A,COMPASS_Dec2021_042,COMPASS,_Dec2021,,,,D6,515rcbc233,TCCGATAATCGG,True Sample
s20230901043,Lake Erie ,CC,transition,211,A,COMPASS_Dec2021_043,COMPASS,_Dec2021,,,,D7,515rcbc234,AAGTCACACACA,True Sample
s20230901044,Lake Erie ,CC,transition,212,A,COMPASS_Dec2021_044,COMPASS,_Dec2021,,,,D8,515rcbc235,GAAGTAGCGAGC,True Sample
s20230901045,Lake Erie ,CC,transition,213,A,COMPASS_Dec2021_045,COMPASS,_Dec2021,,,,D9,515rcbc236,CACCATCTCCGG,True Sample
s20230901046,Lake Erie ,CC,transition,214,A,COMPASS_Dec2021_046,COMPASS,_Dec2021,,,,D10,515rcbc237,GTGTCGAGGGCA,True Sample
s20230901047,Lake Erie ,CC,transition,215,A,COMPASS_Dec2021_047,COMPASS,_Dec2021,,,,D11,515rcbc238,TTCCACACGTGG,True Sample
s20230901048,Lake Erie ,CC,transition,216,A,COMPASS_Dec2021_048,COMPASS,_Dec2021,,,,D12,515rcbc239,AGAATCCACCAC,True Sample
s20230901049,Lake Erie ,CC,transition,217,A,COMPASS_Dec2021_049,COMPASS,_Dec2021,,,,E1,515rcbc240,ACGGCGTTATGT,True Sample
s20230901050,Lake Erie ,CC,transition,218,A,COMPASS_Dec2021_050,COMPASS,_Dec2021,,,,E2,515rcbc241,GAACCGTGCAGG,True Sample
s20230901051,Lake Erie ,CC,transition,219,A,COMPASS_Dec2021_051,COMPASS,_Dec2021,,,,E3,515rcbc242,ACGTGCCTTAGA,True Sample
s20230901052,Lake Erie ,CC,wetland-center,W1,A,COMPASS_Dec2021_052,COMPASS,_Dec2021,,,,E4,515rcbc243,AGTTGTAGTCCG,True Sample
s20230901053,Lake Erie ,CC,wetland-center,W2,A,COMPASS_Dec2021_053,COMPASS,_Dec2021,,,,E5,515rcbc244,AGGGACTTCAAT,True Sample
s20230901054,Lake Erie ,CC,wetland-center,W3,A,COMPASS_Dec2021_054,COMPASS,_Dec2021,,,,E6,515rcbc245,CGGCCAGAAGCA,True Sample
s20230901055,Lake Erie ,CC,wetland-center,W4,A,COMPASS_Dec2021_055,COMPASS,_Dec2021,,,,E7,515rcbc246,TGGCAGCGAGCC,True Sample
s20230901056,Lake Erie ,CC,wetland-center,W5,A,COMPASS_Dec2021_056,COMPASS,_Dec2021,,,,E8,515rcbc247,GTGAATGTTCGA,True Sample
s20230901057,Lake Erie ,CC,wetland-center,W6,A,COMPASS_Dec2021_057,COMPASS,_Dec2021,,,,E9,515rcbc248,TATGTTGACGGC,True Sample
s20230901058,Lake Erie ,CC,wetland-center,W7,A,COMPASS_Dec2021_058,COMPASS,_Dec2021,,,,E10,515rcbc249,AGTGTTTCGGAC,True Sample
s20230901059,Lake Erie ,CC,wetland-center,W8,A,COMPASS_Dec2021_059,COMPASS,_Dec2021,,,,E11,515rcbc250,ATTTCCGCTAAT,True Sample
s20230901060,Lake Erie ,CC,wetland-center,W9,A,COMPASS_Dec2021_060,COMPASS,_Dec2021,,,,E12,515rcbc251,CAAACCTATGGC,True Sample
s20230901061,Lake Erie ,OWC,upland,101,A,COMPASS_Dec2021_061,COMPASS,_Dec2021,,,,F1,515rcbc252,CATTTGACGACG,True Sample
s20230901062,Lake Erie ,OWC,upland,102,A,COMPASS_Dec2021_062,COMPASS,_Dec2021,,,,F2,515rcbc253,ACTAAGTACCCG,True Sample
s20230901063,Lake Erie ,OWC,upland,103,A,COMPASS_Dec2021_063,COMPASS,_Dec2021,,,,F3,515rcbc254,CACCCTTGCGAC,True Sample
s20230901064,Lake Erie ,OWC,upland,104,A,COMPASS_Dec2021_064,COMPASS,_Dec2021,,,,F4,515rcbc255,GATGCCTAATGA,True Sample
s20230901065,Lake Erie ,OWC,upland,105,A,COMPASS_Dec2021_065,COMPASS,_Dec2021,,,,F5,515rcbc256,GTACGTCACTGA,True Sample
s20230901066,Lake Erie ,OWC,upland,106,A,COMPASS_Dec2021_066,COMPASS,_Dec2021,,,,F6,515rcbc257,TCGCTACAGATG,True Sample
s20230901067,Lake Erie ,OWC,upland,107,A,COMPASS_Dec2021_067,COMPASS,_Dec2021,,,,F7,515rcbc258,CCGGCTTATGTG,True Sample
s20230901068,Lake Erie ,OWC,upland,108,A,COMPASS_Dec2021_068,COMPASS,_Dec2021,,,,F8,515rcbc259,ATAGTCCTTTAA,True Sample
s20230901069,Lake Erie ,OWC,upland,109,A,COMPASS_Dec2021_069,COMPASS,_Dec2021,,,,F9,515rcbc260,TCGAGCCGATCT,True Sample
s20230901070,Lake Erie ,OWC,transition,120,A,COMPASS_Dec2021_070,COMPASS,_Dec2021,,,,F10,515rcbc261,AGTGCAGGAGCC,True Sample
s20230901071,Lake Erie ,OWC,transition,121,A,COMPASS_Dec2021_071,COMPASS,_Dec2021,,,,F11,515rcbc262,GTACTCGAACCA,True Sample
s20230901072,Lake Erie ,OWC,transition,122,A,COMPASS_Dec2021_072,COMPASS,_Dec2021,,,,F12,515rcbc263,ATAGGAATAACC,True Sample
s20230901073,Lake Erie ,OWC,transition,123,A,COMPASS_Dec2021_073,COMPASS,_Dec2021,,,,G1,515rcbc264,GCTGCGTATACC,True Sample
s20230901074,Lake Erie ,OWC,transition,124,A,COMPASS_Dec2021_074,COMPASS,_Dec2021,,,,G2,515rcbc265,CTCAGCGGGACG,True Sample
s20230901075,Lake Erie ,OWC,transition,125,A,COMPASS_Dec2021_075,COMPASS,_Dec2021,,,,G3,515rcbc266,ATGCCTCGTAAG,True Sample
s20230901076,Lake Erie ,OWC,transition,126,A,COMPASS_Dec2021_076,COMPASS,_Dec2021,,,,G4,515rcbc267,TTAGTTTGTCAC,True Sample
s20230901077,Lake Erie ,OWC,transition,127,A,COMPASS_Dec2021_077,COMPASS,_Dec2021,,,,G5,515rcbc268,CCGGCCGCGTGC,True Sample
s20230901078,Lake Erie ,OWC,transition,128,A,COMPASS_Dec2021_078,COMPASS,_Dec2021,,,,G6,515rcbc269,ATTATGATTATG,True Sample
s20230901079,Lake Erie ,OWC,wetland-transition-edge,W1,A,COMPASS_Dec2021_079,COMPASS,_Dec2021,,,,G7,515rcbc270,CGAATACTGACA,True Sample
s20230901080,Lake Erie ,OWC,wetland-transition-edge,W2,A,COMPASS_Dec2021_080,COMPASS,_Dec2021,,,,G8,515rcbc271,TCTTATAACGCT,True Sample
s20230901081,Lake Erie ,OWC,wetland-transition-edge,W3,A,COMPASS_Dec2021_081,COMPASS,_Dec2021,,,,G9,515rcbc272,TAAGGTCGATAA,True Sample
s20230901082,Lake Erie ,OWC,wetland-transition-edge,W4,A,COMPASS_Dec2021_082,COMPASS,_Dec2021,,,,G10,515rcbc273,GTTGCTGAGTCC,True Sample
s20230901083,Lake Erie ,OWC,wetland-transition-edge,W5,A,COMPASS_Dec2021_083,COMPASS,_Dec2021,,,,G11,515rcbc274,ACACCGCACAAT,True Sample
s20230901084,Lake Erie ,OWC,wetland-transition-edge,W6,A,COMPASS_Dec2021_084,COMPASS,_Dec2021,,,,G12,515rcbc275,CACAACCACAAC,True Sample
s20230901085,Lake Erie ,OWC,wetland-transition-edge,W7,A,COMPASS_Dec2021_085,COMPASS,_Dec2021,,,,H1,515rcbc276,GAGAAGCTTATA,True Sample
s20230901086,Lake Erie ,OWC,wetland-transition-edge,W8,A,COMPASS_Dec2021_086,COMPASS,_Dec2021,,,,H2,515rcbc277,GTTAACTTACTA,True Sample
s20230901087,Lake Erie ,OWC,wetland-transition-edge,W9,A,COMPASS_Dec2021_087,COMPASS,_Dec2021,,,,H3,515rcbc278,GTTGTTCTGGGA,True Sample
s20230901088,Lake Erie ,,,,,C1 - extraction blank 07/19,,,,,,H4,515rcbc279,AGGGTGACTTTA,Control Sample
s20230901089,Lake Erie ,,,,,C1 - extraction blank 07/24,,,,,,H5,515rcbc280,GCCGCCAGGGTC,Control Sample
s20230901090,Lake Erie ,,,,,C1 - extraction blank 07/25,,,,,,H6,515rcbc281,GCCACCGCCGGA,Control Sample
s20230901091,Lake Erie ,,,,,C2 - extrcation blank 07/25,,,,,,H7,515rcbc282,ACACACCCTGAC,Control Sample
s20230901092,Lake Erie ,,,,,C1 - extraction blank 08/1,,,,,,H8,515rcbc283,TATAGGCTCCGC,Control Sample
s20230901093,Lake Erie ,,,,,C2 - extraction blank 08/1,,,,,,H9,515rcbc284,ATAATTGCCGAG,Control Sample
s20230901094,Lake Erie ,,,,,C1 - extraction blank 08/2,,,,,,H10,515rcbc285,CGGAGAGACATG,Control Sample
s20230901095,Lake Erie ,,,,,C2 - extraction blank 08/2,,,,,,H11,515rcbc286,CAGCCCTACCCA,Control Sample
s20230901096,Lake Erie ,,,,,PCR Negative,,,,,,H12,515rcbc287,TCGTTGGGACTA,Control Sample