"","SampleID","region","site","transect","tree_number","horizon","Sample.ID","project","date","Sample.ID.1","Description","DNA.Plate","DNA.Well","PCR.Plate","PCR.Well","Index.ID","Barcode","region_new"
"COMPASS.Dec2021.001","COMPASS.Dec2021.001","WLE","PR","upland","1","A",NA,NA,NA,NA,NA,NA,NA,NA,NA,NA,NA,"WLE"
"COMPASS.Dec2021.002","COMPASS.Dec2021.002","WLE","PR","upland","2","A",NA,NA,NA,NA,NA,NA,NA,NA,NA,NA,NA,"WLE"
"COMPASS.Dec2021.003","COMPASS.Dec2021.003","WLE","PR","upland","3","A",NA,NA,NA,NA,NA,NA,NA,NA,NA,NA,NA,"WLE"
"COMPASS.Dec2021.004","COMPASS.Dec2021.004","WLE","PR","upland","4","A",NA,NA,NA,NA,NA,NA,NA,NA,NA,NA,NA,"WLE"
"COMPASS.Dec2021.005","COMPASS.Dec2021.005","WLE","PR","upland","5","A",NA,NA,NA,NA,NA,NA,NA,NA,NA,NA,NA,"WLE"
"COMPASS.Dec2021.006","COMPASS.Dec2021.006","WLE","PR","upland","6","A",NA,NA,NA,NA,NA,NA,NA,NA,NA,NA,NA,"WLE"
"COMPASS.Dec2021.007","COMPASS.Dec2021.007","WLE","PR","upland","7","A",NA,NA,NA,NA,NA,NA,NA,NA,NA,NA,NA,"WLE"
"COMPASS.Dec2021.008","COMPASS.Dec2021.008","WLE","PR","upland","8","A",NA,NA,NA,NA,NA,NA,NA,NA,NA,NA,NA,"WLE"
"COMPASS.Dec2021.009","COMPASS.Dec2021.009","WLE","PR","upland","9","A",NA,NA,NA,NA,NA,NA,NA,NA,NA,NA,NA,"WLE"
"COMPASS.Dec2021.010","COMPASS.Dec2021.010","WLE","PR","transition","11","A",NA,NA,NA,NA,NA,NA,NA,NA,NA,NA,NA,"WLE"
"COMPASS.Dec2021.011","COMPASS.Dec2021.011","WLE","PR","transition","12","A",NA,NA,NA,NA,NA,NA,NA,NA,NA,NA,NA,"WLE"
"COMPASS.Dec2021.012","COMPASS.Dec2021.012","WLE","PR","transition","13","A",NA,NA,NA,NA,NA,NA,NA,NA,NA,NA,NA,"WLE"
"COMPASS.Dec2021.013","COMPASS.Dec2021.013","WLE","PR","transition","14","A",NA,NA,NA,NA,NA,NA,NA,NA,NA,NA,NA,"WLE"
"COMPASS.Dec2021.014","COMPASS.Dec2021.014","WLE","PR","transition","16","A",NA,NA,NA,NA,NA,NA,NA,NA,NA,NA,NA,"WLE"
"COMPASS.Dec2021.015","COMPASS.Dec2021.015","WLE","PR","transition","17","A",NA,NA,NA,NA,NA,NA,NA,NA,NA,NA,NA,"WLE"
"COMPASS.Dec2021.016","COMPASS.Dec2021.016","WLE","PR","transition","19","A",NA,NA,NA,NA,NA,NA,NA,NA,NA,NA,NA,"WLE"
"COMPASS.Dec2021.017","COMPASS.Dec2021.017","WLE","PR","transition","20","A",NA,NA,NA,NA,NA,NA,NA,NA,NA,NA,NA,"WLE"
"COMPASS.Dec2021.018","COMPASS.Dec2021.018","WLE","PR","transition","21","A",NA,NA,NA,NA,NA,NA,NA,NA,NA,NA,NA,"WLE"
"COMPASS.Dec2021.019","COMPASS.Dec2021.019","WLE","PR","wetland/wetland-transition edge","L1","A",NA,NA,NA,NA,NA,NA,NA,NA,NA,NA,NA,"WLE"
"COMPASS.Dec2021.020","COMPASS.Dec2021.020","WLE","PR","wetland/wetland-transition edge","L2","A",NA,NA,NA,NA,NA,NA,NA,NA,NA,NA,NA,"WLE"
"COMPASS.Dec2021.021","COMPASS.Dec2021.021","WLE","PR","wetland/wetland-transition edge","L3","A",NA,NA,NA,NA,NA,NA,NA,NA,NA,NA,NA,"WLE"
"COMPASS.Dec2021.022","COMPASS.Dec2021.022","WLE","PR","wetland/wetland-transition edge","L4","A",NA,NA,NA,NA,NA,NA,NA,NA,NA,NA,NA,"WLE"
"COMPASS.Dec2021.023","COMPASS.Dec2021.023","WLE","PR","wetland/wetland-transition edge","L5","A",NA,NA,NA,NA,NA,NA,NA,NA,NA,NA,NA,"WLE"
"COMPASS.Dec2021.024","COMPASS.Dec2021.024","WLE","PR","wetland/wetland-transition edge","L6","A",NA,NA,NA,NA,NA,NA,NA,NA,NA,NA,NA,"WLE"
"COMPASS.Dec2021.025","COMPASS.Dec2021.025","WLE","PR","wetland/wetland-transition edge","L7","A",NA,NA,NA,NA,NA,NA,NA,NA,NA,NA,NA,"WLE"
"COMPASS.Dec2021.026","COMPASS.Dec2021.026","WLE","PR","wetland/wetland-transition edge","L8","A",NA,NA,NA,NA,NA,NA,NA,NA,NA,NA,NA,"WLE"
"COMPASS.Dec2021.027","COMPASS.Dec2021.027","WLE","PR","wetland/wetland-transition edge","L9","A",NA,NA,NA,NA,NA,NA,NA,NA,NA,NA,NA,"WLE"
"COMPASS.Dec2021.028","COMPASS.Dec2021.028","WLE","PR","wetland/wetland-transition edge","C1","A",NA,NA,NA,NA,NA,NA,NA,NA,NA,NA,NA,"WLE"
"COMPASS.Dec2021.029","COMPASS.Dec2021.029","WLE","PR","wetland/wetland-transition edge","C2","A",NA,NA,NA,NA,NA,NA,NA,NA,NA,NA,NA,"WLE"
"COMPASS.Dec2021.030","COMPASS.Dec2021.030","WLE","PR","wetland/wetland-transition edge","C3","A",NA,NA,NA,NA,NA,NA,NA,NA,NA,NA,NA,"WLE"
"COMPASS.Dec2021.031","COMPASS.Dec2021.031","WLE","PR","wetland/wetland-transition edge","Ph1","A",NA,NA,NA,NA,NA,NA,NA,NA,NA,NA,NA,"WLE"
"COMPASS.Dec2021.032","COMPASS.Dec2021.032","WLE","PR","wetland/wetland-transition edge","Ph2","A",NA,NA,NA,NA,NA,NA,NA,NA,NA,NA,NA,"WLE"
"COMPASS.Dec2021.033","COMPASS.Dec2021.033","WLE","PR","wetland/wetland-transition edge","Ph3","A",NA,NA,NA,NA,NA,NA,NA,NA,NA,NA,NA,"WLE"
"COMPASS.Dec2021.034","COMPASS.Dec2021.034","WLE","CC","upland","201","A",NA,NA,NA,NA,NA,NA,NA,NA,NA,NA,NA,"WLE"
"COMPASS.Dec2021.035","COMPASS.Dec2021.035","WLE","CC","upland","202","A",NA,NA,NA,NA,NA,NA,NA,NA,NA,NA,NA,"WLE"
"COMPASS.Dec2021.036","COMPASS.Dec2021.036","WLE","CC","upland","203","A",NA,NA,NA,NA,NA,NA,NA,NA,NA,NA,NA,"WLE"
"COMPASS.Dec2021.037","COMPASS.Dec2021.037","WLE","CC","upland","204","A",NA,NA,NA,NA,NA,NA,NA,NA,NA,NA,NA,"WLE"
"COMPASS.Dec2021.038","COMPASS.Dec2021.038","WLE","CC","upland","205","A",NA,NA,NA,NA,NA,NA,NA,NA,NA,NA,NA,"WLE"
"COMPASS.Dec2021.039","COMPASS.Dec2021.039","WLE","CC","upland","206","A",NA,NA,NA,NA,NA,NA,NA,NA,NA,NA,NA,"WLE"
"COMPASS.Dec2021.040","COMPASS.Dec2021.040","WLE","CC","upland","207","A",NA,NA,NA,NA,NA,NA,NA,NA,NA,NA,NA,"WLE"
"COMPASS.Dec2021.041","COMPASS.Dec2021.041","WLE","CC","upland","208","A",NA,NA,NA,NA,NA,NA,NA,NA,NA,NA,NA,"WLE"
"COMPASS.Dec2021.042","COMPASS.Dec2021.042","WLE","CC","upland","209","A",NA,NA,NA,NA,NA,NA,NA,NA,NA,NA,NA,"WLE"
"COMPASS.Dec2021.043","COMPASS.Dec2021.043","WLE","CC","transition","211","A",NA,NA,NA,NA,NA,NA,NA,NA,NA,NA,NA,"WLE"
"COMPASS.Dec2021.044","COMPASS.Dec2021.044","WLE","CC","transition","212","A",NA,NA,NA,NA,NA,NA,NA,NA,NA,NA,NA,"WLE"
"COMPASS.Dec2021.045","COMPASS.Dec2021.045","WLE","CC","transition","213","A",NA,NA,NA,NA,NA,NA,NA,NA,NA,NA,NA,"WLE"
"COMPASS.Dec2021.046","COMPASS.Dec2021.046","WLE","CC","transition","214","A",NA,NA,NA,NA,NA,NA,NA,NA,NA,NA,NA,"WLE"
"COMPASS.Dec2021.047","COMPASS.Dec2021.047","WLE","CC","transition","215","A",NA,NA,NA,NA,NA,NA,NA,NA,NA,NA,NA,"WLE"
"COMPASS.Dec2021.048","COMPASS.Dec2021.048","WLE","CC","transition","216","A",NA,NA,NA,NA,NA,NA,NA,NA,NA,NA,NA,"WLE"
"COMPASS.Dec2021.049","COMPASS.Dec2021.049","WLE","CC","transition","217","A",NA,NA,NA,NA,NA,NA,NA,NA,NA,NA,NA,"WLE"
"COMPASS.Dec2021.050","COMPASS.Dec2021.050","WLE","CC","transition","218","A",NA,NA,NA,NA,NA,NA,NA,NA,NA,NA,NA,"WLE"
"COMPASS.Dec2021.051","COMPASS.Dec2021.051","WLE","CC","transition","219","A",NA,NA,NA,NA,NA,NA,NA,NA,NA,NA,NA,"WLE"
"COMPASS.Dec2021.052","COMPASS.Dec2021.052","WLE","CC","wetland/wetland-transition edge","W1","A",NA,NA,NA,NA,NA,NA,NA,NA,NA,NA,NA,"WLE"
"COMPASS.Dec2021.053","COMPASS.Dec2021.053","WLE","CC","wetland/wetland-transition edge","W2","A",NA,NA,NA,NA,NA,NA,NA,NA,NA,NA,NA,"WLE"
"COMPASS.Dec2021.054","COMPASS.Dec2021.054","WLE","CC","wetland/wetland-transition edge","W3","A",NA,NA,NA,NA,NA,NA,NA,NA,NA,NA,NA,"WLE"
"COMPASS.Dec2021.055","COMPASS.Dec2021.055","WLE","CC","wetland/wetland-transition edge","W4","A",NA,NA,NA,NA,NA,NA,NA,NA,NA,NA,NA,"WLE"
"COMPASS.Dec2021.056","COMPASS.Dec2021.056","WLE","CC","wetland/wetland-transition edge","W5","A",NA,NA,NA,NA,NA,NA,NA,NA,NA,NA,NA,"WLE"
"COMPASS.Dec2021.057","COMPASS.Dec2021.057","WLE","CC","wetland/wetland-transition edge","W6","A",NA,NA,NA,NA,NA,NA,NA,NA,NA,NA,NA,"WLE"
"COMPASS.Dec2021.058","COMPASS.Dec2021.058","WLE","CC","wetland/wetland-transition edge","W7","A",NA,NA,NA,NA,NA,NA,NA,NA,NA,NA,NA,"WLE"
"COMPASS.Dec2021.059","COMPASS.Dec2021.059","WLE","CC","wetland/wetland-transition edge","W8","A",NA,NA,NA,NA,NA,NA,NA,NA,NA,NA,NA,"WLE"
"COMPASS.Dec2021.060","COMPASS.Dec2021.060","WLE","CC","wetland/wetland-transition edge","W9","A",NA,NA,NA,NA,NA,NA,NA,NA,NA,NA,NA,"WLE"
"COMPASS.Dec2021.061","COMPASS.Dec2021.061","WLE","OWC","upland","101","A",NA,NA,NA,NA,NA,NA,NA,NA,NA,NA,NA,"WLE"
"COMPASS.Dec2021.062","COMPASS.Dec2021.062","WLE","OWC","upland","102","A",NA,NA,NA,NA,NA,NA,NA,NA,NA,NA,NA,"WLE"
"COMPASS.Dec2021.063","COMPASS.Dec2021.063","WLE","OWC","upland","103","A",NA,NA,NA,NA,NA,NA,NA,NA,NA,NA,NA,"WLE"
"COMPASS.Dec2021.064","COMPASS.Dec2021.064","WLE","OWC","upland","104","A",NA,NA,NA,NA,NA,NA,NA,NA,NA,NA,NA,"WLE"
"COMPASS.Dec2021.065","COMPASS.Dec2021.065","WLE","OWC","upland","105","A",NA,NA,NA,NA,NA,NA,NA,NA,NA,NA,NA,"WLE"
"COMPASS.Dec2021.066","COMPASS.Dec2021.066","WLE","OWC","upland","106","A",NA,NA,NA,NA,NA,NA,NA,NA,NA,NA,NA,"WLE"
"COMPASS.Dec2021.067","COMPASS.Dec2021.067","WLE","OWC","upland","107","A",NA,NA,NA,NA,NA,NA,NA,NA,NA,NA,NA,"WLE"
"COMPASS.Dec2021.068","COMPASS.Dec2021.068","WLE","OWC","upland","108","A",NA,NA,NA,NA,NA,NA,NA,NA,NA,NA,NA,"WLE"
"COMPASS.Dec2021.069","COMPASS.Dec2021.069","WLE","OWC","upland","109","A",NA,NA,NA,NA,NA,NA,NA,NA,NA,NA,NA,"WLE"
"COMPASS.Dec2021.070","COMPASS.Dec2021.070","WLE","OWC","transition","120","A",NA,NA,NA,NA,NA,NA,NA,NA,NA,NA,NA,"WLE"
"COMPASS.Dec2021.071","COMPASS.Dec2021.071","WLE","OWC","transition","121","A",NA,NA,NA,NA,NA,NA,NA,NA,NA,NA,NA,"WLE"
"COMPASS.Dec2021.072","COMPASS.Dec2021.072","WLE","OWC","transition","122","A",NA,NA,NA,NA,NA,NA,NA,NA,NA,NA,NA,"WLE"
"COMPASS.Dec2021.073","COMPASS.Dec2021.073","WLE","OWC","transition","123","A",NA,NA,NA,NA,NA,NA,NA,NA,NA,NA,NA,"WLE"
"COMPASS.Dec2021.074","COMPASS.Dec2021.074","WLE","OWC","transition","124","A",NA,NA,NA,NA,NA,NA,NA,NA,NA,NA,NA,"WLE"
"COMPASS.Dec2021.075","COMPASS.Dec2021.075","WLE","OWC","transition","125","A",NA,NA,NA,NA,NA,NA,NA,NA,NA,NA,NA,"WLE"
"COMPASS.Dec2021.076","COMPASS.Dec2021.076","WLE","OWC","transition","126","A",NA,NA,NA,NA,NA,NA,NA,NA,NA,NA,NA,"WLE"
"COMPASS.Dec2021.077","COMPASS.Dec2021.077","WLE","OWC","transition","127","A",NA,NA,NA,NA,NA,NA,NA,NA,NA,NA,NA,"WLE"
"COMPASS.Dec2021.078","COMPASS.Dec2021.078","WLE","OWC","transition","128","A",NA,NA,NA,NA,NA,NA,NA,NA,NA,NA,NA,"WLE"
"COMPASS.Dec2021.079","COMPASS.Dec2021.079","WLE","OWC","wetland/wetland-transition edge","W1","A",NA,NA,NA,NA,NA,NA,NA,NA,NA,NA,NA,"WLE"
"COMPASS.Dec2021.080","COMPASS.Dec2021.080","WLE","OWC","wetland/wetland-transition edge","W2","A",NA,NA,NA,NA,NA,NA,NA,NA,NA,NA,NA,"WLE"
"COMPASS.Dec2021.081","COMPASS.Dec2021.081","WLE","OWC","wetland/wetland-transition edge","W3","A",NA,NA,NA,NA,NA,NA,NA,NA,NA,NA,NA,"WLE"
"COMPASS.Dec2021.082","COMPASS.Dec2021.082","WLE","OWC","wetland/wetland-transition edge","W4","A",NA,NA,NA,NA,NA,NA,NA,NA,NA,NA,NA,"WLE"
"COMPASS.Dec2021.083","COMPASS.Dec2021.083","WLE","OWC","wetland/wetland-transition edge","W5","A",NA,NA,NA,NA,NA,NA,NA,NA,NA,NA,NA,"WLE"
"COMPASS.Dec2021.084","COMPASS.Dec2021.084","WLE","OWC","wetland/wetland-transition edge","W6","A",NA,NA,NA,NA,NA,NA,NA,NA,NA,NA,NA,"WLE"
"COMPASS.Dec2021.085","COMPASS.Dec2021.085","WLE","OWC","wetland/wetland-transition edge","W7","A",NA,NA,NA,NA,NA,NA,NA,NA,NA,NA,NA,"WLE"
"COMPASS.Dec2021.086","COMPASS.Dec2021.086","WLE","OWC","wetland/wetland-transition edge","W8","A",NA,NA,NA,NA,NA,NA,NA,NA,NA,NA,NA,"WLE"
"COMPASS.Dec2021.087","COMPASS.Dec2021.087","WLE","OWC","wetland/wetland-transition edge","W9","A",NA,NA,NA,NA,NA,NA,NA,NA,NA,NA,NA,"WLE"
"COMPASS.Dec2021.088","COMPASS.Dec2021.088","WLE","OWC","wetland/wetland-transition edge","WC1","A",NA,NA,NA,NA,NA,NA,NA,NA,NA,NA,NA,"WLE"
"COMPASS.Dec2021.089","COMPASS.Dec2021.089","WLE","OWC","wetland/wetland-transition edge","WC2","A",NA,NA,NA,NA,NA,NA,NA,NA,NA,NA,NA,"WLE"
"COMPASS.Dec2021.090","COMPASS.Dec2021.090","WLE","OWC","wetland/wetland-transition edge","WC3","A",NA,NA,NA,NA,NA,NA,NA,NA,NA,NA,NA,"WLE"
"COMPASS.Dec2021.091","COMPASS.Dec2021.091","WLE","OWC","wetland/wetland-transition edge","WC4","A",NA,NA,NA,NA,NA,NA,NA,NA,NA,NA,NA,"WLE"
"COMPASS.Dec2021.092","COMPASS.Dec2021.092","WLE","OWC","wetland/wetland-transition edge","WC5","A",NA,NA,NA,NA,NA,NA,NA,NA,NA,NA,NA,"WLE"
"COMPASS.Dec2021.093","COMPASS.Dec2021.093","WLE","OWC","wetland/wetland-transition edge","WC6","A",NA,NA,NA,NA,NA,NA,NA,NA,NA,NA,NA,"WLE"
"COMPASS.Dec2021.094","COMPASS.Dec2021.094","WLE","OWC","wetland/wetland-transition edge","WC7","A",NA,NA,NA,NA,NA,NA,NA,NA,NA,NA,NA,"WLE"
"COMPASS.Dec2021.095","COMPASS.Dec2021.095","WLE","OWC","wetland/wetland-transition edge","WC8","A",NA,NA,NA,NA,NA,NA,NA,NA,NA,NA,NA,"WLE"
"COMPASS.Dec2021.096","COMPASS.Dec2021.096","WLE","PR","upland","1","B",NA,NA,NA,NA,NA,NA,NA,NA,NA,NA,NA,"WLE"
"COMPASS.Dec2021.097","COMPASS.Dec2021.097","WLE","PR","upland","2","B",NA,NA,NA,NA,NA,NA,NA,NA,NA,NA,NA,"WLE"
"COMPASS.Dec2021.098","COMPASS.Dec2021.098","WLE","PR","upland","3","B",NA,NA,NA,NA,NA,NA,NA,NA,NA,NA,NA,"WLE"
"COMPASS.Dec2021.099","COMPASS.Dec2021.099","WLE","PR","upland","4","B",NA,NA,NA,NA,NA,NA,NA,NA,NA,NA,NA,"WLE"
"COMPASS.Dec2021.100","COMPASS.Dec2021.100","WLE","PR","upland","5","B",NA,NA,NA,NA,NA,NA,NA,NA,NA,NA,NA,"WLE"
"COMPASS.Dec2021.101","COMPASS.Dec2021.101","WLE","PR","upland","6","B",NA,NA,NA,NA,NA,NA,NA,NA,NA,NA,NA,"WLE"
"COMPASS.Dec2021.102","COMPASS.Dec2021.102","WLE","PR","upland","7","B",NA,NA,NA,NA,NA,NA,NA,NA,NA,NA,NA,"WLE"
"COMPASS.Dec2021.103","COMPASS.Dec2021.103","WLE","PR","upland","8","B",NA,NA,NA,NA,NA,NA,NA,NA,NA,NA,NA,"WLE"
"COMPASS.Dec2021.104","COMPASS.Dec2021.104","WLE","PR","transition","11","B",NA,NA,NA,NA,NA,NA,NA,NA,NA,NA,NA,"WLE"
"COMPASS.Dec2021.105","COMPASS.Dec2021.105","WLE","PR","transition","12","B",NA,NA,NA,NA,NA,NA,NA,NA,NA,NA,NA,"WLE"
"COMPASS.Dec2021.106","COMPASS.Dec2021.106","WLE","CC","upland","202","B",NA,NA,NA,NA,NA,NA,NA,NA,NA,NA,NA,"WLE"
"COMPASS.Dec2021.107","COMPASS.Dec2021.107","WLE","OWC","upland","101","B",NA,NA,NA,NA,NA,NA,NA,NA,NA,NA,NA,"WLE"
"COMPASS.Dec2021.108","COMPASS.Dec2021.108","WLE","OWC","upland","105","B",NA,NA,NA,NA,NA,NA,NA,NA,NA,NA,NA,"WLE"
"COMPASS.Dec2021.109","COMPASS.Dec2021.109","WLE","OWC","upland","106","B",NA,NA,NA,NA,NA,NA,NA,NA,NA,NA,NA,"WLE"
"COMPASS.Dec2021.110","COMPASS.Dec2021.110","WLE","OWC","upland","107","B",NA,NA,NA,NA,NA,NA,NA,NA,NA,NA,NA,"WLE"
"COMPASS.Dec2021.111","COMPASS.Dec2021.111","WLE","OWC","upland","108","B",NA,NA,NA,NA,NA,NA,NA,NA,NA,NA,NA,"WLE"
"COMPASS.Dec2021.112","COMPASS.Dec2021.112","WLE","OWC","transition","120","B",NA,NA,NA,NA,NA,NA,NA,NA,NA,NA,NA,"WLE"
"COMPASS.Dec2021.113","COMPASS.Dec2021.113","WLE","OWC","transition","121","B",NA,NA,NA,NA,NA,NA,NA,NA,NA,NA,NA,"WLE"
"COMPASS.Dec2021.114","COMPASS.Dec2021.114","WLE","OWC","transition","122","B",NA,NA,NA,NA,NA,NA,NA,NA,NA,NA,NA,"WLE"
"COMPASS.Dec2021.115","COMPASS.Dec2021.115","WLE","OWC","transition","123","B",NA,NA,NA,NA,NA,NA,NA,NA,NA,NA,NA,"WLE"
"COMPASS.Dec2021.116","COMPASS.Dec2021.116","WLE","OWC","transition","124","B",NA,NA,NA,NA,NA,NA,NA,NA,NA,NA,NA,"WLE"
"COMPASS.Dec2021.117","COMPASS.Dec2021.117","WLE","OWC","transition","125","B",NA,NA,NA,NA,NA,NA,NA,NA,NA,NA,NA,"WLE"
"COMPASS.Dec2021.118","COMPASS.Dec2021.118","WLE","OWC","transition","126","B",NA,NA,NA,NA,NA,NA,NA,NA,NA,NA,NA,"WLE"
"COMPASS.Dec2021.119","COMPASS.Dec2021.119","WLE","OWC","transition","127","B",NA,NA,NA,NA,NA,NA,NA,NA,NA,NA,NA,"WLE"
"COMPASS.Dec2021.120","COMPASS.Dec2021.120","WLE","OWC","transition","128","B",NA,NA,NA,NA,NA,NA,NA,NA,NA,NA,NA,"WLE"
"s20230217001","COMPASS_May22_131",NA,"MSM","upland","403","O","s20230217001","COMPASS","_May22","s20230217001","",1,"A1",1,"A1","515rcbc0","AGCCTTCGTCGC","CB"
"s20230217002","COMPASS_May22_132",NA,"MSM","upland","404","O","s20230217002","COMPASS","_May22","s20230217002","",1,"A2",1,"A2","515rcbc1","TCCATACCGGAA","CB"
"s20230217003","COMPASS_May22_133",NA,"MSM","upland","405","O","s20230217003","COMPASS","_May22","s20230217003","",1,"A3",1,"A3","515rcbc2","AGCCCTGCTACA","CB"
"s20230217004","COMPASS_May22_134",NA,"MSM","upland","406","O","s20230217004","COMPASS","_May22","s20230217004","",1,"A4",1,"A4","515rcbc3","CCTAACGGTCCA","CB"
"s20230217005","COMPASS_May22_135",NA,"MSM","upland","407","O","s20230217005","COMPASS","_May22","s20230217005","",1,"A5",1,"A5","515rcbc4","CGCGCCTTAAAC","CB"
"s20230217006","COMPASS_May22_136",NA,"MSM","upland","408","O","s20230217006","COMPASS","_May22","s20230217006","",1,"A6",1,"A6","515rcbc5","TATGGTACCCAG","CB"
"s20230217007","COMPASS_May22_138",NA,"MSM","transition","410","O","s20230217007","COMPASS","_May22","s20230217007","",1,"A7",1,"A7","515rcbc6","TACAATATCTGT","CB"
"s20230217008","COMPASS_May22_139",NA,"MSM","transition","411","O","s20230217008","COMPASS","_May22","s20230217008","",1,"A8",1,"A8","515rcbc7","AATTTAGGTAGG","CB"
"s20230217009","COMPASS_May22_140",NA,"MSM","transition","412","O","s20230217009","COMPASS","_May22","s20230217009","",1,"A9",1,"A9","515rcbc8","GACTCAACCAGT","CB"
"s20230217010","COMPASS_May22_141",NA,"MSM","transition","413","O","s20230217010","COMPASS","_May22","s20230217010","",1,"A10",1,"A10","515rcbc9","GCCTCTACGTCG","CB"
"s20230217011","COMPASS_May22_142",NA,"MSM","transition","414","O","s20230217011","COMPASS","_May22","s20230217011","",1,"A11",1,"A11","515rcbc10","ACTACTGAGGAT","CB"
"s20230217012","COMPASS_May22_143",NA,"MSM","transition","415","O","s20230217012","COMPASS","_May22","s20230217012","",1,"A12",1,"A12","515rcbc11","AATTCACCTCCT","CB"
"s20230217013","COMPASS_May22_144",NA,"MSM","transition","416","O","s20230217013","COMPASS","_May22","s20230217013","",1,"B1",1,"B1","515rcbc12","CGTATAAATGCG","CB"
"s20230217014","COMPASS_May22_145",NA,"MSM","WC","W1","O","s20230217014","COMPASS","_May22","s20230217014","",1,"B2",1,"B2","515rcbc13","ATGCTGCAACAC","CB"
"s20230217015","COMPASS_May22_146",NA,"MSM","WC","W2","O","s20230217015","COMPASS","_May22","s20230217015","",1,"B3",1,"B3","515rcbc14","ACTCGCTCGCTG","CB"
"s20230217016","COMPASS_May22_147",NA,"MSM","WC","W3","O","s20230217016","COMPASS","_May22","s20230217016","",1,"B4",1,"B4","515rcbc15","TTCCTTAGTAGT","CB"
"s20230217017","COMPASS_May22_148",NA,"MSM","WC","W4","O","s20230217017","COMPASS","_May22","s20230217017","",1,"B5",1,"B5","515rcbc16","CGTCCGTATGAA","CB"
"s20230217018","COMPASS_May22_149",NA,"MSM","WC","W5","O","s20230217018","COMPASS","_May22","s20230217018","",1,"B6",1,"B6","515rcbc17","ACGTGAGGAACG","CB"
"s20230217019","COMPASS_May22_150",NA,"MSM","WC","W6","O","s20230217019","COMPASS","_May22","s20230217019","",1,"B7",1,"B7","515rcbc18","GGTTGCCCTGTA","CB"
"s20230217020","COMPASS_May22_151",NA,"MSM","WC","W7","O","s20230217020","COMPASS","_May22","s20230217020","",1,"B8",1,"B8","515rcbc19","CATATAGCCCGA","CB"
"s20230217021","COMPASS_May22_152",NA,"MSM","WC","W8","O","s20230217021","COMPASS","_May22","s20230217021","",1,"B9",1,"B9","515rcbc20","GCCTATGAGATC","CB"
"s20230217022","COMPASS_May22_153",NA,"MSM","WC","W9","O","s20230217022","COMPASS","_May22","s20230217022","",1,"B10",1,"B10","515rcbc21","CAAGTGAAGGGA","CB"
"s20230217023","COMPASS_May22_156",NA,"MSM","upland","401","B","s20230217023","COMPASS","_May22","s20230217023","",1,"B11",1,"B11","515rcbc22","CACGTTTATTCC","CB"
"s20230217024","COMPASS_May22_157",NA,"MSM","upland","402","B","s20230217024","COMPASS","_May22","s20230217024","",1,"B12",1,"B12","515rcbc23","TAATCGGTGCCA","CB"
"s20230217025","COMPASS_May22_158",NA,"MSM","upland","403","B","s20230217025","COMPASS","_May22","s20230217025","",1,"C1",1,"C1","515rcbc24","TGACTAATGGCC","CB"
"s20230217026","COMPASS_May22_159",NA,"MSM","upland","404","B","s20230217026","COMPASS","_May22","s20230217026","",1,"C2",1,"C2","515rcbc25","CGGGACACCCGA","CB"
"s20230217027","COMPASS_May22_160",NA,"MSM","upland","405","B","s20230217027","COMPASS","_May22","s20230217027","",1,"C3",1,"C3","515rcbc26","CTGTCTATACTA","CB"
"s20230217028","COMPASS_May22_161",NA,"MSM","upland","406","B","s20230217028","COMPASS","_May22","s20230217028","",1,"C4",1,"C4","515rcbc27","TATGCCAGAGAT","CB"
"s20230217029","COMPASS_May22_162",NA,"MSM","upland","407","B","s20230217029","COMPASS","_May22","s20230217029","",1,"C5",1,"C5","515rcbc28","CGTTTGGAATGA","CB"
"s20230217030","COMPASS_May22_163",NA,"MSM","upland","408","B","s20230217030","COMPASS","_May22","s20230217030","",1,"C6",1,"C6","515rcbc29","AAGAACTCATGA","CB"
"s20230217031","COMPASS_May22_164",NA,"MSM","transition","409","B","s20230217031","COMPASS","_May22","s20230217031","",1,"C7",1,"C7","515rcbc30","TGATATCGTCTT","CB"
"s20230217032","COMPASS_May22_165",NA,"MSM","transition","410","B","s20230217032","COMPASS","_May22","s20230217032","",1,"C8",1,"C8","515rcbc31","CGGTGACCTACT","CB"
"s20230217033","COMPASS_May22_166",NA,"MSM","transition","411","B","s20230217033","COMPASS","_May22","s20230217033","",1,"C9",1,"C9","515rcbc32","AATGCGCGTATA","CB"
"s20230217034","COMPASS_May22_168",NA,"MSM","transition","413","B","s20230217034","COMPASS","_May22","s20230217034","",1,"C10",1,"C10","515rcbc33","CTTGATTCTTGA","CB"
"s20230217035","COMPASS_May22_169",NA,"MSM","transition","414","B","s20230217035","COMPASS","_May22","s20230217035","",1,"C11",1,"C11","515rcbc34","GAAATCTTGAAG","CB"
"s20230217036","COMPASS_May22_170",NA,"MSM","transition","415","B","s20230217036","COMPASS","_May22","s20230217036","",1,"C12",1,"C12","515rcbc35","GAGATACAGTTC","CB"
"s20230217037","COMPASS_May22_171",NA,"MSM","transition","416","B","s20230217037","COMPASS","_May22","s20230217037","",1,"D1",1,"D1","515rcbc36","GTGGAGTCTCAT","CB"
"s20230217038","COMPASS_May22_172",NA,"GWI","upland","622","O","s20230217038","COMPASS","_May22","s20230217038","",1,"D2",1,"D2","515rcbc37","ACCTTACACCTT","CB"
"s20230217039","COMPASS_May22_173",NA,"GWI","upland","633","O","s20230217039","COMPASS","_May22","s20230217039","",1,"D3",1,"D3","515rcbc38","TAATCTCGCCGG","CB"
"s20230217040","COMPASS_May22_174",NA,"GWI","upland","642","O","s20230217040","COMPASS","_May22","s20230217040","",1,"D4",1,"D4","515rcbc39","ATCTAGTGGCAA","CB"
"s20230217041","COMPASS_May22_175",NA,"GWI","upland","647","O","s20230217041","COMPASS","_May22","s20230217041","",1,"D5",1,"D5","515rcbc40","ACGCTTAACGAC","CB"
"s20230217042","COMPASS_May22_176",NA,"GWI","upland","650","O","s20230217042","COMPASS","_May22","s20230217042","",1,"D6",1,"D6","515rcbc41","TACGGATTATGG","CB"
"s20230217043","COMPASS_May22_177",NA,"GWI","upland","678","O","s20230217043","COMPASS","_May22","s20230217043","",1,"D7",1,"D7","515rcbc42","ATACATGCAAGA","CB"
"s20230217044","COMPASS_May22_178",NA,"GWI","upland","682","O","s20230217044","COMPASS","_May22","s20230217044","",1,"D8",1,"D8","515rcbc43","CTTAGTGCAGAA","CB"
"s20230217045","COMPASS_May22_179",NA,"GWI","upland","683","O","s20230217045","COMPASS","_May22","s20230217045","",1,"D9",1,"D9","515rcbc44","AATCTTGCGCCG","CB"
"s20230217046","COMPASS_May22_180",NA,"GWI","transition","162","O","s20230217046","COMPASS","_May22","s20230217046","",1,"D10",1,"D10","515rcbc45","AGGATCAGGGAA","CB"
"s20230217047","COMPASS_May22_181",NA,"GWI","transition","163","O","s20230217047","COMPASS","_May22","s20230217047","",1,"D11",1,"D11","515rcbc46","AATAACTAGGGT","CB"
"s20230217048","COMPASS_May22_182",NA,"GWI","transition","164","O","s20230217048","COMPASS","_May22","s20230217048","",1,"D12",1,"D12","515rcbc47","TATTGCAGCAGC","CB"
"s20230217049","COMPASS_May22_183",NA,"GWI","transition","766","O","s20230217049","COMPASS","_May22","s20230217049","",1,"E1",1,"E1","515rcbc48","TGATGTGCTAAG","CB"
"s20230217050","COMPASS_May22_184",NA,"GWI","transition","777","O","s20230217050","COMPASS","_May22","s20230217050","",1,"E2",1,"E2","515rcbc49","GTAGTAGACCAT","CB"
"s20230217051","COMPASS_May22_185",NA,"GWI","transition","782","O","s20230217051","COMPASS","_May22","s20230217051","",1,"E3",1,"E3","515rcbc50","AGTAAAGATCGT","CB"
"s20230217052","COMPASS_May22_186",NA,"GWI","transition","786","O","s20230217052","COMPASS","_May22","s20230217052","",1,"E4",1,"E4","515rcbc51","CTCGCCCTCGCC","CB"
"s20230217053","COMPASS_May22_187",NA,"GWI","transition","789","O","s20230217053","COMPASS","_May22","s20230217053","",1,"E5",1,"E5","515rcbc52","TCTCTTTCGACA","CB"
"s20230217054","COMPASS_May22_188",NA,"GWI","WC","W1","O","s20230217054","COMPASS","_May22","s20230217054","",1,"E6",1,"E6","515rcbc53","ACATACTGAGCA","CB"
"s20230217055","COMPASS_May22_189",NA,"GWI","WC","W2","O","s20230217055","COMPASS","_May22","s20230217055","",1,"E7",1,"E7","515rcbc54","GTTGATACGATG","CB"
"s20230217056","COMPASS_May22_190",NA,"GWI","WC","W3","O","s20230217056","COMPASS","_May22","s20230217056","",1,"E8",1,"E8","515rcbc55","GTCAACGCTGTC","CB"
"s20230217057","COMPASS_May22_191",NA,"GWI","WC","W4","O","s20230217057","COMPASS","_May22","s20230217057","",1,"E9",1,"E9","515rcbc56","TGAGACCCTACA","CB"
"s20230217058","COMPASS_May22_192",NA,"GWI","WC","W5","O","s20230217058","COMPASS","_May22","s20230217058","",1,"E10",1,"E10","515rcbc57","ACTTGGTGTAAG","CB"
"s20230217059","COMPASS_May22_193",NA,"GWI","WC","W6","O","s20230217059","COMPASS","_May22","s20230217059","",1,"E11",1,"E11","515rcbc58","ATTACGTATCAT","CB"
"s20230217060","COMPASS_May22_194",NA,"GWI","WC","W7","O","s20230217060","COMPASS","_May22","s20230217060","",1,"E12",1,"E12","515rcbc59","CACGCAGTCTAC","CB"
"s20230217061","COMPASS_May22_195",NA,"GWI","WC","W8","O","s20230217061","COMPASS","_May22","s20230217061","",1,"F1",1,"F1","515rcbc60","TGTGCACGCCAT","CB"
"s20230217062","COMPASS_May22_196",NA,"GWI","upland","622","A","s20230217062","COMPASS","_May22","s20230217062","",1,"F2",1,"F2","515rcbc61","CCGGACAAGAAG","CB"
"s20230217063","COMPASS_May22_197",NA,"GWI","upland","633","A","s20230217063","COMPASS","_May22","s20230217063","",1,"F3",1,"F3","515rcbc62","TTGCTGGACGCT","CB"
"s20230217064","COMPASS_May22_198",NA,"GWI","upland","642","A","s20230217064","COMPASS","_May22","s20230217064","",1,"F4",1,"F4","515rcbc63","TACTAACGCGGT","CB"
"s20230217065","COMPASS_May22_199",NA,"GWI","upland","647","A","s20230217065","COMPASS","_May22","s20230217065","",1,"F5",1,"F5","515rcbc64","GCGATCACACCT","CB"
"s20230217066","COMPASS_May22_200",NA,"GWI","upland","650","A","s20230217066","COMPASS","_May22","s20230217066","",1,"F6",1,"F6","515rcbc65","CAAACGCACTAA","CB"
"s20230217067","COMPASS_May22_201",NA,"GWI","upland","678","A","s20230217067","COMPASS","_May22","s20230217067","",1,"F7",1,"F7","515rcbc66","GAAGAGGGTTGA","CB"
"s20230217068","COMPASS_May22_202",NA,"GWI","upland","682","A","s20230217068","COMPASS","_May22","s20230217068","",1,"F8",1,"F8","515rcbc67","TGAGTGGTCTGT","CB"
"s20230217069","COMPASS_May22_203",NA,"GWI","upland","683","A","s20230217069","COMPASS","_May22","s20230217069","",1,"F9",1,"F9","515rcbc68","TTACACAAAGGC","CB"
"s20230217070","COMPASS_May22_204",NA,"GWI","transition","162","A","s20230217070","COMPASS","_May22","s20230217070","",1,"F10",1,"F10","515rcbc69","ACGACGCATTTG","CB"
"s20230217071","COMPASS_May22_206",NA,"GWI","transition","164","A","s20230217071","COMPASS","_May22","s20230217071","",1,"F11",1,"F11","515rcbc70","TATCCAAGCGCA","CB"
"s20230217072","COMPASS_May22_207",NA,"GWI","transition","766","A","s20230217072","COMPASS","_May22","s20230217072","",1,"F12",1,"F12","515rcbc71","AGAGCCAAGAGC","CB"
"s20230217073","COMPASS_May22_208",NA,"GWI","transition","777","A","s20230217073","COMPASS","_May22","s20230217073","",1,"G1",1,"G1","515rcbc72","GGTGAGCAAGCA","CB"
"s20230217074","COMPASS_May22_209",NA,"GWI","transition","782","A","s20230217074","COMPASS","_May22","s20230217074","",1,"G2",1,"G2","515rcbc73","TAAATATACCCT","CB"
"s20230217075","COMPASS_May22_210",NA,"GWI","transition","786","A","s20230217075","COMPASS","_May22","s20230217075","",1,"G3",1,"G3","515rcbc74","TTGCGGACCCTA","CB"
"s20230217076","COMPASS_May22_211",NA,"GWI","transition","789","A","s20230217076","COMPASS","_May22","s20230217076","",1,"G4",1,"G4","515rcbc75","GTCGTCCAAATG","CB"
"s20230217077","COMPASS_May22_212",NA,"GWI","upland","622","B","s20230217077","COMPASS","_May22","s20230217077","",1,"G5",1,"G5","515rcbc76","TGCACAGTCGCT","CB"
"s20230217078","COMPASS_May22_214",NA,"GWI","upland","682","B","s20230217078","COMPASS","_May22","s20230217078","",1,"G6",1,"G6","515rcbc77","TTACTGTGGCCG","CB"
"s20230217079","COMPASS_Aug22_215",NA,"GCREW","upland","C12","A","s20230217079","COMPASS","_Aug22","s20230217079","",1,"G7",1,"G7","515rcbc78","GGTTCATGAACA","CB"
"s20230217080","COMPASS_Aug22_216",NA,"GCREW","upland","C11","A","s20230217080","COMPASS","_Aug22","s20230217080","",1,"G8",1,"G8","515rcbc79","TAACAATAATTC","CB"
"s20230217081","COMPASS_Aug22_217",NA,"GCREW","upland","C10","A","s20230217081","COMPASS","_Aug22","s20230217081","",1,"G9",1,"G9","515rcbc80","CTTATTAAACGT","CB"
"s20230217082","COMPASS_Aug22_218",NA,"GCREW","upland","C07","A","s20230217082","COMPASS","_Aug22","s20230217082","",1,"G10",1,"G10","515rcbc81","GCTCGAAGATTC","CB"
"s20230217083","COMPASS_Aug22_219",NA,"GCREW","upland","C19","A","s20230217083","COMPASS","_Aug22","s20230217083","",1,"G11",1,"G11","515rcbc82","TATTTGATTGGT","CB"
"s20230217084","COMPASS_Aug22_220",NA,"GCREW","upland","C09","A","s20230217084","COMPASS","_Aug22","s20230217084","",1,"G12",1,"G12","515rcbc83","TGTCAAAGTGAC","CB"
"s20230217085","COMPASS_Aug22_221",NA,"GCREW","upland","1383","A","s20230217085","COMPASS","_Aug22","s20230217085","",1,"H1",1,"H1","515rcbc84","CTATGTATTAGT","CB"
"s20230217086","COMPASS_Aug22_222",NA,"GCREW","upland","1379","A","s20230217086","COMPASS","_Aug22","s20230217086","",1,"H2",1,"H2","515rcbc85","ACTCCCGTGTGA","CB"
"s20230217087","COMPASS_Aug22_223",NA,"GCREW","transition","L1","A","s20230217087","COMPASS","_Aug22","s20230217087","",1,"H3",1,"H3","515rcbc86","CGGTATAGCAAT","CB"
"s20230217088","COMPASS_Aug22_224",NA,"GCREW","transition","L2","A","s20230217088","COMPASS","_Aug22","s20230217088","",1,"H4",1,"H4","515rcbc87","GACTCTGCTCAG","CB"
"s20230217089","COMPASS_Aug22_225",NA,"GCREW","transition","L3","A","s20230217089","COMPASS","_Aug22","s20230217089","",1,"H5",1,"H5","515rcbc88","GTCATGCTCCAG","CB"
"s20230217090","COMPASS_Aug22_226",NA,"GCREW","transition","L4","A","s20230217090","COMPASS","_Aug22","s20230217090","",1,"H6",1,"H6","515rcbc89","TACCGAAGGTAT","CB"
"s20230217091","COMPASS_Aug22_227",NA,"GCREW","transition","L5","A","s20230217091","COMPASS","_Aug22","s20230217091","",1,"H7",1,"H7","515rcbc90","TGAGTATGAGTA","CB"
"s20230217092","COMPASS_Aug22_228",NA,"GCREW","transition","L6","A","s20230217092","COMPASS","_Aug22","s20230217092","",1,"H8",1,"H8","515rcbc91","AATGGTTCAGCA","CB"
"s20230217093","COMPASS_Aug22_229",NA,"GCREW","transition","711","A","s20230217093","COMPASS","_Aug22","s20230217093","",1,"H9",1,"H9","515rcbc92","GAACCAGTACTC","CB"
"s20230217094","COMPASS_Aug22_230",NA,"GCREW","transition","713","A","s20230217094","COMPASS","_Aug22","s20230217094","",1,"H10",1,"H10","515rcbc93","CGCACCCATACA","CB"
"s20230217095","COMPASS_Aug22_231",NA,"GCREW","wetland","W1","A","s20230217095","COMPASS","_Aug22","s20230217095","",1,"H11",1,"H11","515rcbc94","GTGCCATAATCG","CB"
"s20230217097","COMPASS_Aug22_232",NA,"GCREW","wetland","W2","A","s20230217097","COMPASS","_Aug22","s20230217097","",1,"H12",2,"A1","515rcbc96","CTACAGGGTCTC","CB"
"s20230217098","COMPASS_Aug22_233",NA,"GCREW","wetland","W3","A","s20230217098","COMPASS","_Aug22","s20230217098","",2,"A1",2,"A2","515rcbc97","CTTGGAGGCTTA","CB"
"s20230217099","COMPASS_Aug22_234",NA,"GCREW","wetland","W4","A","s20230217099","COMPASS","_Aug22","s20230217099","",2,"A2",2,"A3","515rcbc98","TATCATATTACG","CB"
"s20230217100","COMPASS_Aug22_235",NA,"GCREW","wetland","W5","A","s20230217100","COMPASS","_Aug22","s20230217100","",2,"A3",2,"A4","515rcbc99","CTATATTATCCG","CB"
"s20230217101","COMPASS_Aug22_236",NA,"GCREW","wetland","W6","A","s20230217101","COMPASS","_Aug22","s20230217101","",2,"A4",2,"A5","515rcbc100","ACCGAACAATCC","CB"
"s20230217102","COMPASS_Aug22_237",NA,"GCREW","wetland","W7","A","s20230217102","COMPASS","_Aug22","s20230217102","",2,"A5",2,"A6","515rcbc101","ACGGTACCCTAC","CB"
"s20230217103","COMPASS_Aug22_238",NA,"GCREW","wetland","W8","A","s20230217103","COMPASS","_Aug22","s20230217103","",2,"A6",2,"A7","515rcbc102","TGAGTCATTGAG","CB"
"s20230217104","COMPASS_Aug22_239",NA,"GCREW","upland","C12","B","s20230217104","COMPASS","_Aug22","s20230217104","",2,"A7",2,"A8","515rcbc103","ACCTACTTGTCT","CB"
"s20230217105","COMPASS_Aug22_240",NA,"GCREW","upland","C11","B","s20230217105","COMPASS","_Aug22","s20230217105","",2,"A8",2,"A9","515rcbc104","ACTGTGACGTCC","CB"
"s20230217106","COMPASS_Aug22_241",NA,"GCREW","upland","C10","B","s20230217106","COMPASS","_Aug22","s20230217106","",2,"A9",2,"A10","515rcbc105","CTCTGAGGTAAC","CB"
"s20230217107","COMPASS_Aug22_242",NA,"GCREW","upland","C07","B","s20230217107","COMPASS","_Aug22","s20230217107","",2,"A10",2,"A11","515rcbc106","CATGTCTTCCAT","CB"
"s20230217108","COMPASS_Aug22_243",NA,"GCREW","upland","C19","B","s20230217108","COMPASS","_Aug22","s20230217108","",2,"A11",2,"A12","515rcbc107","AACAGTAAACAA","CB"
"s20230217109","COMPASS_Aug22_244",NA,"GCREW","upland","C09","B","s20230217109","COMPASS","_Aug22","s20230217109","",2,"A12",2,"B1","515rcbc108","GTTCATTAAACT","CB"
"s20230217110","COMPASS_Aug22_245",NA,"GCREW","upland","1383","B","s20230217110","COMPASS","_Aug22","s20230217110","",2,"B1",2,"B2","515rcbc109","GTGCCGGCCGAC","CB"
"s20230217111","COMPASS_Aug22_246",NA,"GCREW","upland","1379","B","s20230217111","COMPASS","_Aug22","s20230217111","",2,"B2",2,"B3","515rcbc110","CCTTGACCGATG","CB"
"s20230217112","COMPASS_Aug22_247",NA,"GCREW","transition","L1","B","s20230217112","COMPASS","_Aug22","s20230217112","",2,"B3",2,"B4","515rcbc111","CAAACTGCGTTG","CB"
"s20230217113","COMPASS_Aug22_248",NA,"GCREW","transition","L2","B","s20230217113","COMPASS","_Aug22","s20230217113","",2,"B4",2,"B5","515rcbc112","TCGAGAGTTTGC","CB"
"s20230217114","COMPASS_Aug22_249",NA,"GCREW","transition","L3","B","s20230217114","COMPASS","_Aug22","s20230217114","",2,"B5",2,"B6","515rcbc113","CGACACGGAGAA","CB"
"s20230217115","COMPASS_Aug22_250",NA,"GCREW","transition","L4","B","s20230217115","COMPASS","_Aug22","s20230217115","",2,"B6",2,"B7","515rcbc114","TCCACAGGGTTC","CB"
"s20230217116","COMPASS_Aug22_251",NA,"GCREW","transition","L5","B","s20230217116","COMPASS","_Aug22","s20230217116","",2,"B7",2,"B8","515rcbc115","GGAGAACGACAC","CB"
"s20230217117","COMPASS_Aug22_252",NA,"GCREW","transition","L6","B","s20230217117","COMPASS","_Aug22","s20230217117","",2,"B8",2,"B9","515rcbc116","CCTACCATTGTT","CB"
"s20230217118","COMPASS_Aug22_253",NA,"GCREW","transition","711","B","s20230217118","COMPASS","_Aug22","s20230217118","",2,"B9",2,"B10","515rcbc117","TCCGGCGGGCAA","CB"
"s20230217119","COMPASS_Aug22_254",NA,"GCREW","transition","713","B","s20230217119","COMPASS","_Aug22","s20230217119","",2,"B10",2,"B11","515rcbc118","TAATCCATAATC","CB"
"s20230217096","PCR Negative 1",NA,NA,NA,NA,NA,"s20230217096",NA,NA,"s20230217096","PCR Negative 1",NA,NA,1,"H12","515rcbc95","ACTCTTACTTAG","CB"
"s20230217120","",NA,NA,NA,NA,NA,"s20230217120",NA,NA,"s20230217120","",2,"B11",2,"B12","515rcbc119","CCTCCGTCATGG","CB"
"s20230217121","",NA,NA,NA,NA,NA,"s20230217121",NA,NA,"s20230217121","",2,"B12",2,"C1","515rcbc120","TTCGATGCCGCA","CB"
"s20230217122","",NA,NA,NA,NA,NA,"s20230217122",NA,NA,"s20230217122","PCR Negative 2",NA,NA,2,"C2","515rcbc121","AGAGGGTGATCG","CB"
"s20230217123","",NA,NA,NA,NA,NA,"s20230217123",NA,NA,"s20230217123","Redo of Plate 1 H12",1,"H12",2,"C3","515rcbc122","AGCTCTAGAAAC","CB"
"s20230217124","",NA,NA,NA,NA,NA,"s20230217124",NA,NA,"s20230217124","Redo of Plate 2 A1",2,"A1",2,"C4","515rcbc123","CTGACACGAATA","CB"
