Sample ID,Description,DNA Plate,DNA Well,PCR Plate,PCR Well,Index ID,Barcode,SampleID
s20230217001,,1,A1,1,A1,515rcbc0,AGCCTTCGTCGC,COMPASS_May22_131
s20230217002,,1,A2,1,A2,515rcbc1,TCCATACCGGAA,COMPASS_May22_132
s20230217003,,1,A3,1,A3,515rcbc2,AGCCCTGCTACA,COMPASS_May22_133
s20230217004,,1,A4,1,A4,515rcbc3,CCTAACGGTCCA,COMPASS_May22_134
s20230217005,,1,A5,1,A5,515rcbc4,CGCGCCTTAAAC,COMPASS_May22_135
s20230217006,,1,A6,1,A6,515rcbc5,TATGGTACCCAG,COMPASS_May22_136
s20230217007,,1,A7,1,A7,515rcbc6,TACAATATCTGT,COMPASS_May22_138
s20230217008,,1,A8,1,A8,515rcbc7,AATTTAGGTAGG,COMPASS_May22_139
s20230217009,,1,A9,1,A9,515rcbc8,GACTCAACCAGT,COMPASS_May22_140
s20230217010,,1,A10,1,A10,515rcbc9,GCCTCTACGTCG,COMPASS_May22_141
s20230217011,,1,A11,1,A11,515rcbc10,ACTACTGAGGAT,COMPASS_May22_142
s20230217012,,1,A12,1,A12,515rcbc11,AATTCACCTCCT,COMPASS_May22_143
s20230217013,,1,B1,1,B1,515rcbc12,CGTATAAATGCG,COMPASS_May22_144
s20230217014,,1,B2,1,B2,515rcbc13,ATGCTGCAACAC,COMPASS_May22_145
s20230217015,,1,B3,1,B3,515rcbc14,ACTCGCTCGCTG,COMPASS_May22_146
s20230217016,,1,B4,1,B4,515rcbc15,TTCCTTAGTAGT,COMPASS_May22_147
s20230217017,,1,B5,1,B5,515rcbc16,CGTCCGTATGAA,COMPASS_May22_148
s20230217018,,1,B6,1,B6,515rcbc17,ACGTGAGGAACG,COMPASS_May22_149
s20230217019,,1,B7,1,B7,515rcbc18,GGTTGCCCTGTA,COMPASS_May22_150
s20230217020,,1,B8,1,B8,515rcbc19,CATATAGCCCGA,COMPASS_May22_151
s20230217021,,1,B9,1,B9,515rcbc20,GCCTATGAGATC,COMPASS_May22_152
s20230217022,,1,B10,1,B10,515rcbc21,CAAGTGAAGGGA,COMPASS_May22_153
s20230217023,,1,B11,1,B11,515rcbc22,CACGTTTATTCC,COMPASS_May22_156
s20230217024,,1,B12,1,B12,515rcbc23,TAATCGGTGCCA,COMPASS_May22_157
s20230217025,,1,C1,1,C1,515rcbc24,TGACTAATGGCC,COMPASS_May22_158
s20230217026,,1,C2,1,C2,515rcbc25,CGGGACACCCGA,COMPASS_May22_159
s20230217027,,1,C3,1,C3,515rcbc26,CTGTCTATACTA,COMPASS_May22_160
s20230217028,,1,C4,1,C4,515rcbc27,TATGCCAGAGAT,COMPASS_May22_161
s20230217029,,1,C5,1,C5,515rcbc28,CGTTTGGAATGA,COMPASS_May22_162
s20230217030,,1,C6,1,C6,515rcbc29,AAGAACTCATGA,COMPASS_May22_163
s20230217031,,1,C7,1,C7,515rcbc30,TGATATCGTCTT,COMPASS_May22_164
s20230217032,,1,C8,1,C8,515rcbc31,CGGTGACCTACT,COMPASS_May22_165
s20230217033,,1,C9,1,C9,515rcbc32,AATGCGCGTATA,COMPASS_May22_166
s20230217034,,1,C10,1,C10,515rcbc33,CTTGATTCTTGA,COMPASS_May22_168
s20230217035,,1,C11,1,C11,515rcbc34,GAAATCTTGAAG,COMPASS_May22_169
s20230217036,,1,C12,1,C12,515rcbc35,GAGATACAGTTC,COMPASS_May22_170
s20230217037,,1,D1,1,D1,515rcbc36,GTGGAGTCTCAT,COMPASS_May22_171
s20230217038,,1,D2,1,D2,515rcbc37,ACCTTACACCTT,COMPASS_May22_172
s20230217039,,1,D3,1,D3,515rcbc38,TAATCTCGCCGG,COMPASS_May22_173
s20230217040,,1,D4,1,D4,515rcbc39,ATCTAGTGGCAA,COMPASS_May22_174
s20230217041,,1,D5,1,D5,515rcbc40,ACGCTTAACGAC,COMPASS_May22_175
s20230217042,,1,D6,1,D6,515rcbc41,TACGGATTATGG,COMPASS_May22_176
s20230217043,,1,D7,1,D7,515rcbc42,ATACATGCAAGA,COMPASS_May22_177
s20230217044,,1,D8,1,D8,515rcbc43,CTTAGTGCAGAA,COMPASS_May22_178
s20230217045,,1,D9,1,D9,515rcbc44,AATCTTGCGCCG,COMPASS_May22_179
s20230217046,,1,D10,1,D10,515rcbc45,AGGATCAGGGAA,COMPASS_May22_180
s20230217047,,1,D11,1,D11,515rcbc46,AATAACTAGGGT,COMPASS_May22_181
s20230217048,,1,D12,1,D12,515rcbc47,TATTGCAGCAGC,COMPASS_May22_182
s20230217049,,1,E1,1,E1,515rcbc48,TGATGTGCTAAG,COMPASS_May22_183
s20230217050,,1,E2,1,E2,515rcbc49,GTAGTAGACCAT,COMPASS_May22_184
s20230217051,,1,E3,1,E3,515rcbc50,AGTAAAGATCGT,COMPASS_May22_185
s20230217052,,1,E4,1,E4,515rcbc51,CTCGCCCTCGCC,COMPASS_May22_186
s20230217053,,1,E5,1,E5,515rcbc52,TCTCTTTCGACA,COMPASS_May22_187
s20230217054,,1,E6,1,E6,515rcbc53,ACATACTGAGCA,COMPASS_May22_188
s20230217055,,1,E7,1,E7,515rcbc54,GTTGATACGATG,COMPASS_May22_189
s20230217056,,1,E8,1,E8,515rcbc55,GTCAACGCTGTC,COMPASS_May22_190
s20230217057,,1,E9,1,E9,515rcbc56,TGAGACCCTACA,COMPASS_May22_191
s20230217058,,1,E10,1,E10,515rcbc57,ACTTGGTGTAAG,COMPASS_May22_192
s20230217059,,1,E11,1,E11,515rcbc58,ATTACGTATCAT,COMPASS_May22_193
s20230217060,,1,E12,1,E12,515rcbc59,CACGCAGTCTAC,COMPASS_May22_194
s20230217061,,1,F1,1,F1,515rcbc60,TGTGCACGCCAT,COMPASS_May22_195
s20230217062,,1,F2,1,F2,515rcbc61,CCGGACAAGAAG,COMPASS_May22_196
s20230217063,,1,F3,1,F3,515rcbc62,TTGCTGGACGCT,COMPASS_May22_197
s20230217064,,1,F4,1,F4,515rcbc63,TACTAACGCGGT,COMPASS_May22_198
s20230217065,,1,F5,1,F5,515rcbc64,GCGATCACACCT,COMPASS_May22_199
s20230217066,,1,F6,1,F6,515rcbc65,CAAACGCACTAA,COMPASS_May22_200
s20230217067,,1,F7,1,F7,515rcbc66,GAAGAGGGTTGA,COMPASS_May22_201
s20230217068,,1,F8,1,F8,515rcbc67,TGAGTGGTCTGT,COMPASS_May22_202
s20230217069,,1,F9,1,F9,515rcbc68,TTACACAAAGGC,COMPASS_May22_203
s20230217070,,1,F10,1,F10,515rcbc69,ACGACGCATTTG,COMPASS_May22_204
s20230217071,,1,F11,1,F11,515rcbc70,TATCCAAGCGCA,COMPASS_May22_206
s20230217072,,1,F12,1,F12,515rcbc71,AGAGCCAAGAGC,COMPASS_May22_207
s20230217073,,1,G1,1,G1,515rcbc72,GGTGAGCAAGCA,COMPASS_May22_208
s20230217074,,1,G2,1,G2,515rcbc73,TAAATATACCCT,COMPASS_May22_209
s20230217075,,1,G3,1,G3,515rcbc74,TTGCGGACCCTA,COMPASS_May22_210
s20230217076,,1,G4,1,G4,515rcbc75,GTCGTCCAAATG,COMPASS_May22_211
s20230217077,,1,G5,1,G5,515rcbc76,TGCACAGTCGCT,COMPASS_May22_212
s20230217078,,1,G6,1,G6,515rcbc77,TTACTGTGGCCG,COMPASS_May22_214
s20230217079,,1,G7,1,G7,515rcbc78,GGTTCATGAACA,COMPASS_Aug22_215
s20230217080,,1,G8,1,G8,515rcbc79,TAACAATAATTC,COMPASS_Aug22_216
s20230217081,,1,G9,1,G9,515rcbc80,CTTATTAAACGT,COMPASS_Aug22_217
s20230217082,,1,G10,1,G10,515rcbc81,GCTCGAAGATTC,COMPASS_Aug22_218
s20230217083,,1,G11,1,G11,515rcbc82,TATTTGATTGGT,COMPASS_Aug22_219
s20230217084,,1,G12,1,G12,515rcbc83,TGTCAAAGTGAC,COMPASS_Aug22_220
s20230217085,,1,H1,1,H1,515rcbc84,CTATGTATTAGT,COMPASS_Aug22_221
s20230217086,,1,H2,1,H2,515rcbc85,ACTCCCGTGTGA,COMPASS_Aug22_222
s20230217087,,1,H3,1,H3,515rcbc86,CGGTATAGCAAT,COMPASS_Aug22_223
s20230217088,,1,H4,1,H4,515rcbc87,GACTCTGCTCAG,COMPASS_Aug22_224
s20230217089,,1,H5,1,H5,515rcbc88,GTCATGCTCCAG,COMPASS_Aug22_225
s20230217090,,1,H6,1,H6,515rcbc89,TACCGAAGGTAT,COMPASS_Aug22_226
s20230217091,,1,H7,1,H7,515rcbc90,TGAGTATGAGTA,COMPASS_Aug22_227
s20230217092,,1,H8,1,H8,515rcbc91,AATGGTTCAGCA,COMPASS_Aug22_228
s20230217093,,1,H9,1,H9,515rcbc92,GAACCAGTACTC,COMPASS_Aug22_229
s20230217094,,1,H10,1,H10,515rcbc93,CGCACCCATACA,COMPASS_Aug22_230
s20230217095,,1,H11,1,H11,515rcbc94,GTGCCATAATCG,COMPASS_Aug22_231
s20230217096,PCR Negative 1,NA,NA,1,H12,515rcbc95,ACTCTTACTTAG,PCR Negative 1
s20230217097,,1,H12,2,A1,515rcbc96,CTACAGGGTCTC,COMPASS_Aug22_232
s20230217098,,2,A1,2,A2,515rcbc97,CTTGGAGGCTTA,COMPASS_Aug22_233
s20230217099,,2,A2,2,A3,515rcbc98,TATCATATTACG,COMPASS_Aug22_234
s20230217100,,2,A3,2,A4,515rcbc99,CTATATTATCCG,COMPASS_Aug22_235
s20230217101,,2,A4,2,A5,515rcbc100,ACCGAACAATCC,COMPASS_Aug22_236
s20230217102,,2,A5,2,A6,515rcbc101,ACGGTACCCTAC,COMPASS_Aug22_237
s20230217103,,2,A6,2,A7,515rcbc102,TGAGTCATTGAG,COMPASS_Aug22_238
s20230217104,,2,A7,2,A8,515rcbc103,ACCTACTTGTCT,COMPASS_Aug22_239
s20230217105,,2,A8,2,A9,515rcbc104,ACTGTGACGTCC,COMPASS_Aug22_240
s20230217106,,2,A9,2,A10,515rcbc105,CTCTGAGGTAAC,COMPASS_Aug22_241
s20230217107,,2,A10,2,A11,515rcbc106,CATGTCTTCCAT,COMPASS_Aug22_242
s20230217108,,2,A11,2,A12,515rcbc107,AACAGTAAACAA,COMPASS_Aug22_243
s20230217109,,2,A12,2,B1,515rcbc108,GTTCATTAAACT,COMPASS_Aug22_244
s20230217110,,2,B1,2,B2,515rcbc109,GTGCCGGCCGAC,COMPASS_Aug22_245
s20230217111,,2,B2,2,B3,515rcbc110,CCTTGACCGATG,COMPASS_Aug22_246
s20230217112,,2,B3,2,B4,515rcbc111,CAAACTGCGTTG,COMPASS_Aug22_247
s20230217113,,2,B4,2,B5,515rcbc112,TCGAGAGTTTGC,COMPASS_Aug22_248
s20230217114,,2,B5,2,B6,515rcbc113,CGACACGGAGAA,COMPASS_Aug22_249
s20230217115,,2,B6,2,B7,515rcbc114,TCCACAGGGTTC,COMPASS_Aug22_250
s20230217116,,2,B7,2,B8,515rcbc115,GGAGAACGACAC,COMPASS_Aug22_251
s20230217117,,2,B8,2,B9,515rcbc116,CCTACCATTGTT,COMPASS_Aug22_252
s20230217118,,2,B9,2,B10,515rcbc117,TCCGGCGGGCAA,COMPASS_Aug22_253
s20230217119,,2,B10,2,B11,515rcbc118,TAATCCATAATC,COMPASS_Aug22_254
s20230217120,,2,B11,2,B12,515rcbc119,CCTCCGTCATGG,
s20230217121,,2,B12,2,C1,515rcbc120,TTCGATGCCGCA,
s20230217122,PCR Negative 2,NA,NA,2,C2,515rcbc121,AGAGGGTGATCG,
s20230217123,Redo of Plate 1 H12,1,H12,2,C3,515rcbc122,AGCTCTAGAAAC,
s20230217124,Redo of Plate 2 A1,2,A1,2,C4,515rcbc123,CTGACACGAATA,
