sampleid,region,site,transect,tree_number,horizon,Sample description,project,date,DNA.Plate,DNA.Well,PCR.Plate,PCR.Well,Index.ID,Barcode,Sample_or_Control
s20230901001,Lake Erie ,PR,upland,1,A,COMPASS_Dec2021_001,COMPASS,_Dec2021,,,,A1,515rcbc192,CCTCGCATGACC,True Sample
s20230901002,Lake Erie ,PR,upland,2,A,COMPASS_Dec2021_002,COMPASS,_Dec2021,,,,A2,515rcbc193,GGCGTAACGGCA,True Sample
s20230901003,Lake Erie ,PR,upland,3,A,COMPASS_Dec2021_003,COMPASS,_Dec2021,,,,A3,515rcbc194,GCGAGGAAGTCC,True Sample
s20230901004,Lake Erie ,PR,upland,4,A,COMPASS_Dec2021_004,COMPASS,_Dec2021,,,,A4,515rcbc195,CAAATTCGGGAT,True Sample
s20230901005,Lake Erie ,PR,upland,5,A,COMPASS_Dec2021_005,COMPASS,_Dec2021,,,,A5,515rcbc196,TTGTGTCTCCCT,True Sample
s20230901006,Lake Erie ,PR,upland,6,A,COMPASS_Dec2021_006,COMPASS,_Dec2021,,,,A6,515rcbc197,CAATGTAGACAC,True Sample
s20230901007,Lake Erie ,PR,upland,7,A,COMPASS_Dec2021_007,COMPASS,_Dec2021,,,,A7,515rcbc198,AACCACTAACCG,True Sample
s20230901008,Lake Erie ,PR,upland,8,A,COMPASS_Dec2021_008,COMPASS,_Dec2021,,,,A8,515rcbc199,AACTTTCAGGAG,True Sample
s20230901009,Lake Erie ,PR,upland,9,A,COMPASS_Dec2021_009,COMPASS,_Dec2021,,,,A9,515rcbc200,CCAGGACAGGAA,True Sample
s20230901010,Lake Erie ,PR,transition,11,A,COMPASS_Dec2021_010,COMPASS,_Dec2021,,,,A10,515rcbc201,GCGCGGCGTTGC,True Sample
s20230901011,Lake Erie ,PR,transition,12,A,COMPASS_Dec2021_011,COMPASS,_Dec2021,,,,A11,515rcbc202,GTCGCTTGCACA,True Sample
s20230901012,Lake Erie ,PR,transition,13,A,COMPASS_Dec2021_012,COMPASS,_Dec2021,,,,A12,515rcbc203,TCCGCCTAGTCG,True Sample
s20230901013,Lake Erie ,PR,transition,14,A,COMPASS_Dec2021_013,COMPASS,_Dec2021,,,,B1,515rcbc204,CGCGCAAGTATT,True Sample
s20230901014,Lake Erie ,PR,transition,16,A,COMPASS_Dec2021_014,COMPASS,_Dec2021,,,,B2,515rcbc205,AATACAGACCTG,True Sample
s20230901015,Lake Erie ,PR,transition,17,A,COMPASS_Dec2021_015,COMPASS,_Dec2021,,,,B3,515rcbc206,GGACAAGTGCGA,True Sample
s20230901016,Lake Erie ,PR,transition,19,A,COMPASS_Dec2021_016,COMPASS,_Dec2021,,,,B4,515rcbc207,TACGGTCTGGAT,True Sample
s20230901017,Lake Erie ,PR,transition,20,A,COMPASS_Dec2021_017,COMPASS,_Dec2021,,,,B5,515rcbc208,TTCAGTTCGTTA,True Sample
s20230901018,Lake Erie ,PR,transition,21,A,COMPASS_Dec2021_018,COMPASS,_Dec2021,,,,B6,515rcbc209,CCGCGTCTCAAC,True Sample
s20230901019,Lake Erie ,PR,wetland,L1,A,COMPASS_Dec2021_019,COMPASS,_Dec2021,,,,B7,515rcbc210,CCGAGGTATAAT,True Sample
s20230901020,Lake Erie ,PR,wetland,L2,A,COMPASS_Dec2021_020,COMPASS,_Dec2021,,,,B8,515rcbc211,AGATTCGCTCGA,True Sample
s20230901021,Lake Erie ,PR,wetland,L3,A,COMPASS_Dec2021_021,COMPASS,_Dec2021,,,,B9,515rcbc212,TTGCCGCTCTGG,True Sample
s20230901022,Lake Erie ,PR,wetland,L4,A,COMPASS_Dec2021_022,COMPASS,_Dec2021,,,,B10,515rcbc213,AGACTTCTCAGG,True Sample
s20230901023,Lake Erie ,PR,wetland,L5,A,COMPASS_Dec2021_023,COMPASS,_Dec2021,,,,B11,515rcbc214,TCTTGCGGAGTC,True Sample
s20230901024,Lake Erie ,PR,wetland,L6,A,COMPASS_Dec2021_024,COMPASS,_Dec2021,,,,B12,515rcbc215,CTATCTCCTGTC,True Sample
s20230901025,Lake Erie ,PR,wetland,L7,A,COMPASS_Dec2021_025,COMPASS,_Dec2021,,,,C1,515rcbc216,AAGGCGCTCCTT,True Sample
s20230901026,Lake Erie ,PR,wetland,L8,A,COMPASS_Dec2021_026,COMPASS,_Dec2021,,,,C2,515rcbc217,GATCTAATCGAG,True Sample
s20230901027,Lake Erie ,PR,wetland,L9,A,COMPASS_Dec2021_027,COMPASS,_Dec2021,,,,C3,515rcbc218,CTGATGTACACG,True Sample
s20230901028,Lake Erie ,PR,wetland,C1,A,COMPASS_Dec2021_028,COMPASS,_Dec2021,,,,C4,515rcbc219,ACGTATTCGAAG,True Sample
s20230901029,Lake Erie ,PR,wetland,C2,A,COMPASS_Dec2021_029,COMPASS,_Dec2021,,,,C5,515rcbc220,GACGTTAAGAAT,True Sample
s20230901030,Lake Erie ,PR,wetland,C3,A,COMPASS_Dec2021_030,COMPASS,_Dec2021,,,,C6,515rcbc221,TGGTGGAGTTTC,True Sample
s20230901031,Lake Erie ,PR,wetland,Ph1,A,COMPASS_Dec2021_031,COMPASS,_Dec2021,,,,C7,515rcbc222,TTAACAAGGCAA,True Sample
s20230901032,Lake Erie ,PR,wetland,Ph2,A,COMPASS_Dec2021_032,COMPASS,_Dec2021,,,,C8,515rcbc223,AACCGCATAAGT,True Sample
s20230901033,Lake Erie ,PR,wetland,Ph3,A,COMPASS_Dec2021_033,COMPASS,_Dec2021,,,,C9,515rcbc224,CCACAACGATCA,True Sample
s20230901034,Lake Erie ,CC,upland,201,A,COMPASS_Dec2021_034,COMPASS,_Dec2021,,,,C10,515rcbc225,AGTTCTCATTAA,True Sample
s20230901035,Lake Erie ,CC,upland,202,A,COMPASS_Dec2021_035,COMPASS,_Dec2021,,,,C11,515rcbc226,GAGCCATCTGTA,True Sample
s20230901036,Lake Erie ,CC,upland,203,A,COMPASS_Dec2021_036,COMPASS,_Dec2021,,,,C12,515rcbc227,GATATACCAGTG,True Sample
s20230901037,Lake Erie ,CC,upland,204,A,COMPASS_Dec2021_037,COMPASS,_Dec2021,,,,D1,515rcbc228,CGCAATGAGGGA,True Sample
s20230901038,Lake Erie ,CC,upland,205,A,COMPASS_Dec2021_038,COMPASS,_Dec2021,,,,D2,515rcbc229,CCGCAGCCGCAG,True Sample
s20230901039,Lake Erie ,CC,upland,206,A,COMPASS_Dec2021_039,COMPASS,_Dec2021,,,,D3,515rcbc230,TGGAGCCTTGTC,True Sample
s20230901040,Lake Erie ,CC,upland,207,A,COMPASS_Dec2021_040,COMPASS,_Dec2021,,,,D4,515rcbc231,TTACTTATCCGA,True Sample
s20230901041,Lake Erie ,CC,upland,208,A,COMPASS_Dec2021_041,COMPASS,_Dec2021,,,,D5,515rcbc232,ATGGGACCTTCA,True Sample
s20230901042,Lake Erie ,CC,upland,209,A,COMPASS_Dec2021_042,COMPASS,_Dec2021,,,,D6,515rcbc233,TCCGATAATCGG,True Sample
s20230901043,Lake Erie ,CC,transition,211,A,COMPASS_Dec2021_043,COMPASS,_Dec2021,,,,D7,515rcbc234,AAGTCACACACA,True Sample
s20230901044,Lake Erie ,CC,transition,212,A,COMPASS_Dec2021_044,COMPASS,_Dec2021,,,,D8,515rcbc235,GAAGTAGCGAGC,True Sample
s20230901045,Lake Erie ,CC,transition,213,A,COMPASS_Dec2021_045,COMPASS,_Dec2021,,,,D9,515rcbc236,CACCATCTCCGG,True Sample
s20230901046,Lake Erie ,CC,transition,214,A,COMPASS_Dec2021_046,COMPASS,_Dec2021,,,,D10,515rcbc237,GTGTCGAGGGCA,True Sample
s20230901047,Lake Erie ,CC,transition,215,A,COMPASS_Dec2021_047,COMPASS,_Dec2021,,,,D11,515rcbc238,TTCCACACGTGG,True Sample
s20230901048,Lake Erie ,CC,transition,216,A,COMPASS_Dec2021_048,COMPASS,_Dec2021,,,,D12,515rcbc239,AGAATCCACCAC,True Sample
s20230901049,Lake Erie ,CC,transition,217,A,COMPASS_Dec2021_049,COMPASS,_Dec2021,,,,E1,515rcbc240,ACGGCGTTATGT,True Sample
s20230901050,Lake Erie ,CC,transition,218,A,COMPASS_Dec2021_050,COMPASS,_Dec2021,,,,E2,515rcbc241,GAACCGTGCAGG,True Sample
s20230901051,Lake Erie ,CC,transition,219,A,COMPASS_Dec2021_051,COMPASS,_Dec2021,,,,E3,515rcbc242,ACGTGCCTTAGA,True Sample
s20230901052,Lake Erie ,CC,wetland,W1,A,COMPASS_Dec2021_052,COMPASS,_Dec2021,,,,E4,515rcbc243,AGTTGTAGTCCG,True Sample
s20230901053,Lake Erie ,CC,wetland,W2,A,COMPASS_Dec2021_053,COMPASS,_Dec2021,,,,E5,515rcbc244,AGGGACTTCAAT,True Sample
s20230901054,Lake Erie ,CC,wetland,W3,A,COMPASS_Dec2021_054,COMPASS,_Dec2021,,,,E6,515rcbc245,CGGCCAGAAGCA,True Sample
s20230901055,Lake Erie ,CC,wetland,W4,A,COMPASS_Dec2021_055,COMPASS,_Dec2021,,,,E7,515rcbc246,TGGCAGCGAGCC,True Sample
s20230901056,Lake Erie ,CC,wetland,W5,A,COMPASS_Dec2021_056,COMPASS,_Dec2021,,,,E8,515rcbc247,GTGAATGTTCGA,True Sample
s20230901057,Lake Erie ,CC,wetland,W6,A,COMPASS_Dec2021_057,COMPASS,_Dec2021,,,,E9,515rcbc248,TATGTTGACGGC,True Sample
s20230901058,Lake Erie ,CC,wetland,W7,A,COMPASS_Dec2021_058,COMPASS,_Dec2021,,,,E10,515rcbc249,AGTGTTTCGGAC,True Sample
s20230901059,Lake Erie ,CC,wetland,W8,A,COMPASS_Dec2021_059,COMPASS,_Dec2021,,,,E11,515rcbc250,ATTTCCGCTAAT,True Sample
s20230901060,Lake Erie ,CC,wetland,W9,A,COMPASS_Dec2021_060,COMPASS,_Dec2021,,,,E12,515rcbc251,CAAACCTATGGC,True Sample
s20230901061,Lake Erie ,OWC,upland,101,A,COMPASS_Dec2021_061,COMPASS,_Dec2021,,,,F1,515rcbc252,CATTTGACGACG,True Sample
s20230901062,Lake Erie ,OWC,upland,102,A,COMPASS_Dec2021_062,COMPASS,_Dec2021,,,,F2,515rcbc253,ACTAAGTACCCG,True Sample
s20230901063,Lake Erie ,OWC,upland,103,A,COMPASS_Dec2021_063,COMPASS,_Dec2021,,,,F3,515rcbc254,CACCCTTGCGAC,True Sample
s20230901064,Lake Erie ,OWC,upland,104,A,COMPASS_Dec2021_064,COMPASS,_Dec2021,,,,F4,515rcbc255,GATGCCTAATGA,True Sample
s20230901065,Lake Erie ,OWC,upland,105,A,COMPASS_Dec2021_065,COMPASS,_Dec2021,,,,F5,515rcbc256,GTACGTCACTGA,True Sample
s20230901066,Lake Erie ,OWC,upland,106,A,COMPASS_Dec2021_066,COMPASS,_Dec2021,,,,F6,515rcbc257,TCGCTACAGATG,True Sample
s20230901067,Lake Erie ,OWC,upland,107,A,COMPASS_Dec2021_067,COMPASS,_Dec2021,,,,F7,515rcbc258,CCGGCTTATGTG,True Sample
s20230901068,Lake Erie ,OWC,upland,108,A,COMPASS_Dec2021_068,COMPASS,_Dec2021,,,,F8,515rcbc259,ATAGTCCTTTAA,True Sample
s20230901069,Lake Erie ,OWC,upland,109,A,COMPASS_Dec2021_069,COMPASS,_Dec2021,,,,F9,515rcbc260,TCGAGCCGATCT,True Sample
s20230901070,Lake Erie ,OWC,transition,120,A,COMPASS_Dec2021_070,COMPASS,_Dec2021,,,,F10,515rcbc261,AGTGCAGGAGCC,True Sample
s20230901071,Lake Erie ,OWC,transition,121,A,COMPASS_Dec2021_071,COMPASS,_Dec2021,,,,F11,515rcbc262,GTACTCGAACCA,True Sample
s20230901072,Lake Erie ,OWC,transition,122,A,COMPASS_Dec2021_072,COMPASS,_Dec2021,,,,F12,515rcbc263,ATAGGAATAACC,True Sample
s20230901073,Lake Erie ,OWC,transition,123,A,COMPASS_Dec2021_073,COMPASS,_Dec2021,,,,G1,515rcbc264,GCTGCGTATACC,True Sample
s20230901074,Lake Erie ,OWC,transition,124,A,COMPASS_Dec2021_074,COMPASS,_Dec2021,,,,G2,515rcbc265,CTCAGCGGGACG,True Sample
s20230901075,Lake Erie ,OWC,transition,125,A,COMPASS_Dec2021_075,COMPASS,_Dec2021,,,,G3,515rcbc266,ATGCCTCGTAAG,True Sample
s20230901076,Lake Erie ,OWC,transition,126,A,COMPASS_Dec2021_076,COMPASS,_Dec2021,,,,G4,515rcbc267,TTAGTTTGTCAC,True Sample
s20230901077,Lake Erie ,OWC,transition,127,A,COMPASS_Dec2021_077,COMPASS,_Dec2021,,,,G5,515rcbc268,CCGGCCGCGTGC,True Sample
s20230901078,Lake Erie ,OWC,transition,128,A,COMPASS_Dec2021_078,COMPASS,_Dec2021,,,,G6,515rcbc269,ATTATGATTATG,True Sample
s20230901079,Lake Erie ,OWC,wetland,W1,A,COMPASS_Dec2021_079,COMPASS,_Dec2021,,,,G7,515rcbc270,CGAATACTGACA,True Sample
s20230901080,Lake Erie ,OWC,wetland,W2,A,COMPASS_Dec2021_080,COMPASS,_Dec2021,,,,G8,515rcbc271,TCTTATAACGCT,True Sample
s20230901081,Lake Erie ,OWC,wetland,W3,A,COMPASS_Dec2021_081,COMPASS,_Dec2021,,,,G9,515rcbc272,TAAGGTCGATAA,True Sample
s20230901082,Lake Erie ,OWC,wetland,W4,A,COMPASS_Dec2021_082,COMPASS,_Dec2021,,,,G10,515rcbc273,GTTGCTGAGTCC,True Sample
s20230901083,Lake Erie ,OWC,wetland,W5,A,COMPASS_Dec2021_083,COMPASS,_Dec2021,,,,G11,515rcbc274,ACACCGCACAAT,True Sample
s20230901084,Lake Erie ,OWC,wetland,W6,A,COMPASS_Dec2021_084,COMPASS,_Dec2021,,,,G12,515rcbc275,CACAACCACAAC,True Sample
s20230901085,Lake Erie ,OWC,wetland,W7,A,COMPASS_Dec2021_085,COMPASS,_Dec2021,,,,H1,515rcbc276,GAGAAGCTTATA,True Sample
s20230901086,Lake Erie ,OWC,wetland,W8,A,COMPASS_Dec2021_086,COMPASS,_Dec2021,,,,H2,515rcbc277,GTTAACTTACTA,True Sample
s20230901087,Lake Erie ,OWC,wetland,W9,A,COMPASS_Dec2021_087,COMPASS,_Dec2021,,,,H3,515rcbc278,GTTGTTCTGGGA,True Sample